id,utility_function,utility_threshold,privacy_threshold,transformation,outcome_type,solution_no,original_twct,original_avgw,perturbed_twct,perturbed_avgw,privacy_loss,time_found
2021-04-05-10,calculate_avg_wait_time,0.005,0.01,MOVE,empty,1,64200,32.1,64200,32.1,0,0.00899958610534668
2021-04-05-10,calculate_avg_wait_time,0.005,0.01,MOVE,timeout,,64200,32.1,,,,300
2021-04-05-11,calculate_avg_wait_time,0.005,0.01,MOVE,timeout,,14700,1.7647058823529411,,,,300
2021-04-05-6,calculate_avg_wait_time,0.005,0.01,MOVE,timeout,,43380,21.666666666666668,,,,300
2021-04-05-7,calculate_avg_wait_time,0.005,0.01,MOVE,timeout,,52335,29.25,,,,300
2021-04-05-8,calculate_avg_wait_time,0.005,0.01,MOVE,empty,1,53725,55.3,53755,55.4,0,124.98686718940735
2021-04-05-8,calculate_avg_wait_time,0.005,0.01,MOVE,timeout,,53725,55.3,,,,300
2021-04-05-9,calculate_avg_wait_time,0.005,0.01,MOVE,timeout,,48075,25.363636363636363,,,,300
2021-04-06-10,calculate_avg_wait_time,0.005,0.01,MOVE,empty,1,58560,39.183673469387756,58560,39.183673469387756,0,0.021999597549438477
2021-04-06-10,calculate_avg_wait_time,0.005,0.01,MOVE,timeout,,58560,39.183673469387756,,,,300
2021-04-06-11,calculate_avg_wait_time,0.005,0.01,MOVE,timeout,,30630,45.51724137931034,,,,300
2021-04-06-6,calculate_avg_wait_time,0.005,0.01,MOVE,timeout,,54690,12.5,,,,300
2021-04-06-7,calculate_avg_wait_time,0.005,0.01,MOVE,timeout,,74205,47.785714285714285,,,,300
2021-04-06-8,calculate_avg_wait_time,0.005,0.01,MOVE,empty,1,83100,58.43283582089552,83100,58.43283582089552,0,0.018999814987182617
2021-04-06-8,calculate_avg_wait_time,0.005,0.01,MOVE,timeout,,83100,58.43283582089552,,,,300
2021-04-06-9,calculate_avg_wait_time,0.005,0.01,MOVE,timeout,,41820,21.6,,,,300
2021-04-07-10,calculate_avg_wait_time,0.005,0.01,MOVE,timeout,,62760,23.048780487804876,,,,300
2021-04-07-11,calculate_avg_wait_time,0.005,0.01,MOVE,timeout,,26325,23.076923076923077,,,,300
2021-04-07-6,calculate_avg_wait_time,0.005,0.01,MOVE,empty,1,43950,11.666666666666666,43950,11.666666666666666,0,0.00599980354309082
2021-04-07-6,calculate_avg_wait_time,0.005,0.01,MOVE,timeout,,43950,11.666666666666666,,,,300
2021-04-07-7,calculate_avg_wait_time,0.005,0.01,MOVE,timeout,,57075,33.214285714285715,,,,300
2021-04-07-8,calculate_avg_wait_time,0.005,0.01,MOVE,empty,1,58110,36.09375,58110,36.09375,0,0.0319981575012207
2021-04-07-8,calculate_avg_wait_time,0.005,0.01,MOVE,timeout,,58110,36.09375,,,,300
2021-04-07-9,calculate_avg_wait_time,0.005,0.01,MOVE,timeout,,59310,31.296296296296298,,,,300
2021-04-08-10,calculate_avg_wait_time,0.005,0.01,MOVE,empty,1,36840,7,36840,7,0,0.0019986629486083984
2021-04-08-10,calculate_avg_wait_time,0.005,0.01,MOVE,timeout,,36840,7,,,,300
2021-04-08-11,calculate_avg_wait_time,0.005,0.01,MOVE,timeout,,18600,13.043478260869565,,,,300
2021-04-08-6,calculate_avg_wait_time,0.005,0.01,MOVE,timeout,,63420,28.085106382978722,,,,300
2021-04-08-7,calculate_avg_wait_time,0.005,0.01,MOVE,timeout,,63855,36.19047619047619,,,,300
2021-04-08-8,calculate_avg_wait_time,0.005,0.01,MOVE,timeout,,67275,35.55555555555556,,,,300
2021-04-08-9,calculate_avg_wait_time,0.005,0.01,MOVE,timeout,,65185,52.394366197183096,,,,300
2021-04-09-10,calculate_avg_wait_time,0.005,0.01,MOVE,timeout,,65100,35.1,,,,300
2021-04-09-11,calculate_avg_wait_time,0.005,0.01,MOVE,timeout,,32505,34.13793103448276,,,,300
2021-04-09-6,calculate_avg_wait_time,0.005,0.01,MOVE,timeout,,32565,0,,,,300
2021-04-09-7,calculate_avg_wait_time,0.005,0.01,MOVE,timeout,,53805,21.11111111111111,,,,300
2021-04-09-8,calculate_avg_wait_time,0.005,0.01,MOVE,timeout,,72045,48.81818181818182,,,,300
2021-04-09-9,calculate_avg_wait_time,0.005,0.01,MOVE,empty,1,42630,20.48076923076923,42780,20.48076923076923,0,96.33504748344421
2021-04-09-9,calculate_avg_wait_time,0.005,0.01,MOVE,timeout,,42630,20.48076923076923,,,,300
2021-04-05-10,calculate_avg_wait_time,0.005,0.01,MOVE_PROC,empty,1,64200,32.1,64200,32.1,0,0.00899958610534668
2021-04-05-10,calculate_avg_wait_time,0.005,0.01,MOVE_PROC,timeout,,64200,32.1,,,,300
2021-04-05-11,calculate_avg_wait_time,0.005,0.01,MOVE_PROC,timeout,,14700,1.7647058823529411,,,,300
2021-04-05-6,calculate_avg_wait_time,0.005,0.01,MOVE_PROC,timeout,,43380,21.666666666666668,,,,300
2021-04-05-7,calculate_avg_wait_time,0.005,0.01,MOVE_PROC,timeout,,52335,29.25,,,,300
2021-04-05-8,calculate_avg_wait_time,0.005,0.01,MOVE_PROC,empty,1,53725,55.3,53755,55.4,0,125.27386283874512
2021-04-05-8,calculate_avg_wait_time,0.005,0.01,MOVE_PROC,timeout,,53725,55.3,,,,300
2021-04-05-9,calculate_avg_wait_time,0.005,0.01,MOVE_PROC,timeout,,48075,25.363636363636363,,,,300
2021-04-06-10,calculate_avg_wait_time,0.005,0.01,MOVE_PROC,empty,1,58560,39.183673469387756,58560,39.183673469387756,0,0.01999807357788086
2021-04-06-10,calculate_avg_wait_time,0.005,0.01,MOVE_PROC,timeout,,58560,39.183673469387756,,,,300
2021-04-06-11,calculate_avg_wait_time,0.005,0.01,MOVE_PROC,timeout,,30630,45.51724137931034,,,,300
2021-04-06-6,calculate_avg_wait_time,0.005,0.01,MOVE_PROC,timeout,,54690,12.5,,,,300
2021-04-06-7,calculate_avg_wait_time,0.005,0.01,MOVE_PROC,timeout,,74205,47.785714285714285,,,,300
2021-04-06-8,calculate_avg_wait_time,0.005,0.01,MOVE_PROC,empty,1,83100,58.43283582089552,83100,58.43283582089552,0,0.023998737335205078
2021-04-06-8,calculate_avg_wait_time,0.005,0.01,MOVE_PROC,timeout,,83100,58.43283582089552,,,,300
2021-04-06-9,calculate_avg_wait_time,0.005,0.01,MOVE_PROC,timeout,,41820,21.6,,,,300
2021-04-07-10,calculate_avg_wait_time,0.005,0.01,MOVE_PROC,timeout,,62760,23.048780487804876,,,,300
2021-04-07-11,calculate_avg_wait_time,0.005,0.01,MOVE_PROC,timeout,,26325,23.076923076923077,,,,300
2021-04-07-6,calculate_avg_wait_time,0.005,0.01,MOVE_PROC,empty,1,43950,11.666666666666666,43950,11.666666666666666,0,0.006000041961669922
2021-04-07-6,calculate_avg_wait_time,0.005,0.01,MOVE_PROC,timeout,,43950,11.666666666666666,,,,300
2021-04-07-7,calculate_avg_wait_time,0.005,0.01,MOVE_PROC,timeout,,57075,33.214285714285715,,,,300
2021-04-07-8,calculate_avg_wait_time,0.005,0.01,MOVE_PROC,empty,1,58110,36.09375,58110,36.09375,0,0.02899956703186035
2021-04-07-8,calculate_avg_wait_time,0.005,0.01,MOVE_PROC,timeout,,58110,36.09375,,,,300
2021-04-07-9,calculate_avg_wait_time,0.005,0.01,MOVE_PROC,timeout,,59310,31.296296296296298,,,,300
2021-04-08-10,calculate_avg_wait_time,0.005,0.01,MOVE_PROC,empty,1,36840,7,36840,7,0,0.002000093460083008
2021-04-08-10,calculate_avg_wait_time,0.005,0.01,MOVE_PROC,timeout,,36840,7,,,,300
2021-04-08-11,calculate_avg_wait_time,0.005,0.01,MOVE_PROC,timeout,,18600,13.043478260869565,,,,300
2021-04-08-6,calculate_avg_wait_time,0.005,0.01,MOVE_PROC,timeout,,63420,28.085106382978722,,,,300
2021-04-08-7,calculate_avg_wait_time,0.005,0.01,MOVE_PROC,timeout,,63855,36.19047619047619,,,,300
2021-04-08-8,calculate_avg_wait_time,0.005,0.01,MOVE_PROC,timeout,,67275,35.55555555555556,,,,300
2021-04-08-9,calculate_avg_wait_time,0.005,0.01,MOVE_PROC,timeout,,65185,52.394366197183096,,,,300
2021-04-09-10,calculate_avg_wait_time,0.005,0.01,MOVE_PROC,timeout,,65100,35.1,,,,300
2021-04-09-11,calculate_avg_wait_time,0.005,0.01,MOVE_PROC,timeout,,32505,34.13793103448276,,,,300
2021-04-09-6,calculate_avg_wait_time,0.005,0.01,MOVE_PROC,timeout,,32565,0,,,,300
2021-04-09-7,calculate_avg_wait_time,0.005,0.01,MOVE_PROC,timeout,,53805,21.11111111111111,,,,300
2021-04-09-8,calculate_avg_wait_time,0.005,0.01,MOVE_PROC,timeout,,72045,48.81818181818182,,,,300
2021-04-09-9,calculate_avg_wait_time,0.005,0.01,MOVE_PROC,empty,1,42630,20.48076923076923,42780,20.48076923076923,0,96.6390438079834
2021-04-09-9,calculate_avg_wait_time,0.005,0.01,MOVE_PROC,timeout,,42630,20.48076923076923,,,,300
2021-04-05-10,calculate_avg_wait_time,0.005,0.01,SWAP_ALL,empty,1,64200,32.1,64200,32.1,0,0.00899958610534668
2021-04-05-10,calculate_avg_wait_time,0.005,0.01,SWAP_ALL,timeout,,64200,32.1,,,,300
2021-04-05-11,calculate_avg_wait_time,0.005,0.01,SWAP_ALL,timeout,,14700,1.7647058823529411,,,,300
2021-04-05-6,calculate_avg_wait_time,0.005,0.01,SWAP_ALL,timeout,,43380,21.666666666666668,,,,300
2021-04-05-7,calculate_avg_wait_time,0.005,0.01,SWAP_ALL,empty,1,52335,29.25,52800,29.25,0,223.6904559135437
2021-04-05-7,calculate_avg_wait_time,0.005,0.01,SWAP_ALL,timeout,,52335,29.25,,,,300
2021-04-05-8,calculate_avg_wait_time,0.005,0.01,SWAP_ALL,timeout,,53725,55.3,,,,300
2021-04-05-9,calculate_avg_wait_time,0.005,0.01,SWAP_ALL,timeout,,48075,25.363636363636363,,,,300
2021-04-06-10,calculate_avg_wait_time,0.005,0.01,SWAP_ALL,empty,1,58560,39.183673469387756,58560,39.183673469387756,0,0.020998001098632812
2021-04-06-10,calculate_avg_wait_time,0.005,0.01,SWAP_ALL,timeout,,58560,39.183673469387756,,,,300
2021-04-06-11,calculate_avg_wait_time,0.005,0.01,SWAP_ALL,timeout,,30630,45.51724137931034,,,,300
2021-04-06-6,calculate_avg_wait_time,0.005,0.01,SWAP_ALL,timeout,,54690,12.5,,,,300
2021-04-06-7,calculate_avg_wait_time,0.005,0.01,SWAP_ALL,empty,1,74205,47.785714285714285,75105,47.785714285714285,0,227.3133635520935
2021-04-06-7,calculate_avg_wait_time,0.005,0.01,SWAP_ALL,timeout,,74205,47.785714285714285,,,,300
2021-04-06-8,calculate_avg_wait_time,0.005,0.01,SWAP_ALL,empty,1,83100,58.43283582089552,83100,58.43283582089552,0,0.022999048233032227
2021-04-06-8,calculate_avg_wait_time,0.005,0.01,SWAP_ALL,timeout,,83100,58.43283582089552,,,,300
2021-04-06-9,calculate_avg_wait_time,0.005,0.01,SWAP_ALL,empty,1,41820,21.6,42030,21.6,0,235.70349264144897
2021-04-06-9,calculate_avg_wait_time,0.005,0.01,SWAP_ALL,timeout,,41820,21.6,,,,300
2021-04-07-10,calculate_avg_wait_time,0.005,0.01,SWAP_ALL,timeout,,62760,23.048780487804876,,,,300
2021-04-07-11,calculate_avg_wait_time,0.005,0.01,SWAP_ALL,timeout,,26325,23.076923076923077,,,,300
2021-04-07-6,calculate_avg_wait_time,0.005,0.01,SWAP_ALL,empty,1,43950,11.666666666666666,43950,11.666666666666666,0,0.004999637603759766
2021-04-07-6,calculate_avg_wait_time,0.005,0.01,SWAP_ALL,timeout,,43950,11.666666666666666,,,,300
2021-04-07-7,calculate_avg_wait_time,0.005,0.01,SWAP_ALL,timeout,,57075,33.214285714285715,,,,300
2021-04-07-8,calculate_avg_wait_time,0.005,0.01,SWAP_ALL,empty,1,58110,36.09375,58110,36.09375,0,0.031000614166259766
2021-04-07-8,calculate_avg_wait_time,0.005,0.01,SWAP_ALL,timeout,,58110,36.09375,,,,300
2021-04-07-9,calculate_avg_wait_time,0.005,0.01,SWAP_ALL,timeout,,59310,31.296296296296298,,,,300
2021-04-08-10,calculate_avg_wait_time,0.005,0.01,SWAP_ALL,empty,1,36840,7,36840,7,0,0.0060007572174072266
2021-04-08-10,calculate_avg_wait_time,0.005,0.01,SWAP_ALL,timeout,,36840,7,,,,300
2021-04-08-11,calculate_avg_wait_time,0.005,0.01,SWAP_ALL,timeout,,18600,13.043478260869565,,,,300
2021-04-08-6,calculate_avg_wait_time,0.005,0.01,SWAP_ALL,timeout,,63420,28.085106382978722,,,,300
2021-04-08-7,calculate_avg_wait_time,0.005,0.01,SWAP_ALL,timeout,,63855,36.19047619047619,,,,300
2021-04-08-8,calculate_avg_wait_time,0.005,0.01,SWAP_ALL,timeout,,67275,35.55555555555556,,,,300
2021-04-08-9,calculate_avg_wait_time,0.005,0.01,SWAP_ALL,timeout,,65185,52.394366197183096,,,,300
2021-04-09-10,calculate_avg_wait_time,0.005,0.01,SWAP_ALL,empty,1,65100,35.1,65910,35.1,0,123.92528772354126
2021-04-09-10,calculate_avg_wait_time,0.005,0.01,SWAP_ALL,timeout,,65100,35.1,,,,300
2021-04-09-11,calculate_avg_wait_time,0.005,0.01,SWAP_ALL,timeout,,32505,34.13793103448276,,,,300
2021-04-09-6,calculate_avg_wait_time,0.005,0.01,SWAP_ALL,timeout,,32565,0,,,,300
2021-04-09-7,calculate_avg_wait_time,0.005,0.01,SWAP_ALL,timeout,,53805,21.11111111111111,,,,300
2021-04-09-8,calculate_avg_wait_time,0.005,0.01,SWAP_ALL,empty,1,72045,48.81818181818182,72105,48.81818181818182,0,277.4528594017029
2021-04-09-8,calculate_avg_wait_time,0.005,0.01,SWAP_ALL,timeout,,72045,48.81818181818182,,,,300
2021-04-09-9,calculate_avg_wait_time,0.005,0.01,SWAP_ALL,timeout,,42630,20.48076923076923,,,,300
2021-04-05-10,calculate_avg_wait_time,0.005,0.01,SWAP_ALL_PROC,empty,1,64200,32.1,64200,32.1,0,0.00799870491027832
2021-04-05-10,calculate_avg_wait_time,0.005,0.01,SWAP_ALL_PROC,timeout,,64200,32.1,,,,300
2021-04-05-11,calculate_avg_wait_time,0.005,0.01,SWAP_ALL_PROC,timeout,,14700,1.7647058823529411,,,,300
2021-04-05-6,calculate_avg_wait_time,0.005,0.01,SWAP_ALL_PROC,timeout,,43380,21.666666666666668,,,,300
2021-04-05-7,calculate_avg_wait_time,0.005,0.01,SWAP_ALL_PROC,empty,1,52335,29.25,52800,29.25,0,225.10754656791687
2021-04-05-7,calculate_avg_wait_time,0.005,0.01,SWAP_ALL_PROC,timeout,,52335,29.25,,,,300
2021-04-05-8,calculate_avg_wait_time,0.005,0.01,SWAP_ALL_PROC,timeout,,53725,55.3,,,,300
2021-04-05-9,calculate_avg_wait_time,0.005,0.01,SWAP_ALL_PROC,timeout,,48075,25.363636363636363,,,,300
2021-04-06-10,calculate_avg_wait_time,0.005,0.01,SWAP_ALL_PROC,empty,1,58560,39.183673469387756,58560,39.183673469387756,0,0.01999807357788086
2021-04-06-10,calculate_avg_wait_time,0.005,0.01,SWAP_ALL_PROC,timeout,,58560,39.183673469387756,,,,300
2021-04-06-11,calculate_avg_wait_time,0.005,0.01,SWAP_ALL_PROC,timeout,,30630,45.51724137931034,,,,300
2021-04-06-6,calculate_avg_wait_time,0.005,0.01,SWAP_ALL_PROC,timeout,,54690,12.5,,,,300
2021-04-06-7,calculate_avg_wait_time,0.005,0.01,SWAP_ALL_PROC,empty,1,74205,47.785714285714285,75105,47.785714285714285,0,228.10335278511047
2021-04-06-7,calculate_avg_wait_time,0.005,0.01,SWAP_ALL_PROC,timeout,,74205,47.785714285714285,,,,300
2021-04-06-8,calculate_avg_wait_time,0.005,0.01,SWAP_ALL_PROC,empty,1,83100,58.43283582089552,83100,58.43283582089552,0,0.021999359130859375
2021-04-06-8,calculate_avg_wait_time,0.005,0.01,SWAP_ALL_PROC,timeout,,83100,58.43283582089552,,,,300
2021-04-06-9,calculate_avg_wait_time,0.005,0.01,SWAP_ALL_PROC,empty,1,41820,21.6,42030,21.6,0,235.23233556747437
2021-04-06-9,calculate_avg_wait_time,0.005,0.01,SWAP_ALL_PROC,timeout,,41820,21.6,,,,300
2021-04-07-10,calculate_avg_wait_time,0.005,0.01,SWAP_ALL_PROC,timeout,,62760,23.048780487804876,,,,300
2021-04-07-11,calculate_avg_wait_time,0.005,0.01,SWAP_ALL_PROC,timeout,,26325,23.076923076923077,,,,300
2021-04-07-6,calculate_avg_wait_time,0.005,0.01,SWAP_ALL_PROC,empty,1,43950,11.666666666666666,43950,11.666666666666666,0,0.004999637603759766
2021-04-07-6,calculate_avg_wait_time,0.005,0.01,SWAP_ALL_PROC,timeout,,43950,11.666666666666666,,,,300
2021-04-07-7,calculate_avg_wait_time,0.005,0.01,SWAP_ALL_PROC,timeout,,57075,33.214285714285715,,,,300
2021-04-07-8,calculate_avg_wait_time,0.005,0.01,SWAP_ALL_PROC,empty,1,58110,36.09375,58110,36.09375,0,0.030001163482666016
2021-04-07-8,calculate_avg_wait_time,0.005,0.01,SWAP_ALL_PROC,timeout,,58110,36.09375,,,,300
2021-04-07-9,calculate_avg_wait_time,0.005,0.01,SWAP_ALL_PROC,timeout,,59310,31.296296296296298,,,,300
2021-04-08-10,calculate_avg_wait_time,0.005,0.01,SWAP_ALL_PROC,empty,1,36840,7,36840,7,0,0.004000663757324219
2021-04-08-10,calculate_avg_wait_time,0.005,0.01,SWAP_ALL_PROC,timeout,,36840,7,,,,300
2021-04-08-11,calculate_avg_wait_time,0.005,0.01,SWAP_ALL_PROC,timeout,,18600,13.043478260869565,,,,300
2021-04-08-6,calculate_avg_wait_time,0.005,0.01,SWAP_ALL_PROC,timeout,,63420,28.085106382978722,,,,300
2021-04-08-7,calculate_avg_wait_time,0.005,0.01,SWAP_ALL_PROC,timeout,,63855,36.19047619047619,,,,300
2021-04-08-8,calculate_avg_wait_time,0.005,0.01,SWAP_ALL_PROC,timeout,,67275,35.55555555555556,,,,300
2021-04-08-9,calculate_avg_wait_time,0.005,0.01,SWAP_ALL_PROC,timeout,,65185,52.394366197183096,,,,300
2021-04-09-10,calculate_avg_wait_time,0.005,0.01,SWAP_ALL_PROC,empty,1,65100,35.1,65910,35.1,0,124.06228637695312
2021-04-09-10,calculate_avg_wait_time,0.005,0.01,SWAP_ALL_PROC,timeout,,65100,35.1,,,,300
2021-04-09-11,calculate_avg_wait_time,0.005,0.01,SWAP_ALL_PROC,timeout,,32505,34.13793103448276,,,,300
2021-04-09-6,calculate_avg_wait_time,0.005,0.01,SWAP_ALL_PROC,timeout,,32565,0,,,,300
2021-04-09-7,calculate_avg_wait_time,0.005,0.01,SWAP_ALL_PROC,timeout,,53805,21.11111111111111,,,,300
2021-04-09-8,calculate_avg_wait_time,0.005,0.01,SWAP_ALL_PROC,empty,1,72045,48.81818181818182,72105,48.81818181818182,0,277.92882776260376
2021-04-09-8,calculate_avg_wait_time,0.005,0.01,SWAP_ALL_PROC,timeout,,72045,48.81818181818182,,,,300
2021-04-09-9,calculate_avg_wait_time,0.005,0.01,SWAP_ALL_PROC,timeout,,42630,20.48076923076923,,,,300
2021-04-05-10,calculate_avg_wait_time,0.005,0.01,PROCESSING_TIMES,empty,1,64200,32.1,64200,32.1,0,0.008999347686767578
2021-04-05-10,calculate_avg_wait_time,0.005,0.01,PROCESSING_TIMES,timeout,,64200,32.1,,,,300
2021-04-05-11,calculate_avg_wait_time,0.005,0.01,PROCESSING_TIMES,timeout,,14700,1.7647058823529411,,,,300
2021-04-05-6,calculate_avg_wait_time,0.005,0.01,PROCESSING_TIMES,timeout,,43380,21.666666666666668,,,,300
2021-04-05-7,calculate_avg_wait_time,0.005,0.01,PROCESSING_TIMES,timeout,,52335,29.25,,,,300
2021-04-05-8,calculate_avg_wait_time,0.005,0.01,PROCESSING_TIMES,timeout,,53725,55.3,,,,300
2021-04-05-9,calculate_avg_wait_time,0.005,0.01,PROCESSING_TIMES,timeout,,48075,25.363636363636363,,,,300
2021-04-06-10,calculate_avg_wait_time,0.005,0.01,PROCESSING_TIMES,empty,1,58560,39.183673469387756,58560,39.183673469387756,0,0.05899930000305176
2021-04-06-10,calculate_avg_wait_time,0.005,0.01,PROCESSING_TIMES,timeout,,58560,39.183673469387756,,,,300
2021-04-06-11,calculate_avg_wait_time,0.005,0.01,PROCESSING_TIMES,timeout,,30630,45.51724137931034,,,,300
2021-04-06-6,calculate_avg_wait_time,0.005,0.01,PROCESSING_TIMES,timeout,,54690,12.5,,,,300
2021-04-06-7,calculate_avg_wait_time,0.005,0.01,PROCESSING_TIMES,timeout,,74205,47.785714285714285,,,,300
2021-04-06-8,calculate_avg_wait_time,0.005,0.01,PROCESSING_TIMES,empty,1,83100,58.43283582089552,83100,58.43283582089552,0,0.02399897575378418
2021-04-06-8,calculate_avg_wait_time,0.005,0.01,PROCESSING_TIMES,timeout,,83100,58.43283582089552,,,,300
2021-04-06-9,calculate_avg_wait_time,0.005,0.01,PROCESSING_TIMES,timeout,,41820,21.6,,,,300
2021-04-07-10,calculate_avg_wait_time,0.005,0.01,PROCESSING_TIMES,timeout,,62760,23.048780487804876,,,,300
2021-04-07-11,calculate_avg_wait_time,0.005,0.01,PROCESSING_TIMES,timeout,,26325,23.076923076923077,,,,300
2021-04-07-6,calculate_avg_wait_time,0.005,0.01,PROCESSING_TIMES,empty,1,43950,11.666666666666666,43950,11.666666666666666,0,0.004999637603759766
2021-04-07-6,calculate_avg_wait_time,0.005,0.01,PROCESSING_TIMES,timeout,,43950,11.666666666666666,,,,300
2021-04-07-7,calculate_avg_wait_time,0.005,0.01,PROCESSING_TIMES,timeout,,57075,33.214285714285715,,,,300
2021-04-07-8,calculate_avg_wait_time,0.005,0.01,PROCESSING_TIMES,empty,1,58110,36.09375,58110,36.09375,0,0.022998809814453125
2021-04-07-8,calculate_avg_wait_time,0.005,0.01,PROCESSING_TIMES,timeout,,58110,36.09375,,,,300
2021-04-07-9,calculate_avg_wait_time,0.005,0.01,PROCESSING_TIMES,timeout,,59310,31.296296296296298,,,,300
2021-04-08-10,calculate_avg_wait_time,0.005,0.01,PROCESSING_TIMES,empty,1,36840,7,36840,7,0,0.0029990673065185547
2021-04-08-10,calculate_avg_wait_time,0.005,0.01,PROCESSING_TIMES,timeout,,36840,7,,,,300
2021-04-08-11,calculate_avg_wait_time,0.005,0.01,PROCESSING_TIMES,timeout,,18600,13.043478260869565,,,,300
2021-04-08-6,calculate_avg_wait_time,0.005,0.01,PROCESSING_TIMES,timeout,,63420,28.085106382978722,,,,300
2021-04-08-7,calculate_avg_wait_time,0.005,0.01,PROCESSING_TIMES,timeout,,63855,36.19047619047619,,,,300
2021-04-08-8,calculate_avg_wait_time,0.005,0.01,PROCESSING_TIMES,timeout,,67275,35.55555555555556,,,,300
2021-04-08-9,calculate_avg_wait_time,0.005,0.01,PROCESSING_TIMES,timeout,,65185,52.394366197183096,,,,300
2021-04-09-10,calculate_avg_wait_time,0.005,0.01,PROCESSING_TIMES,timeout,,65100,35.1,,,,300
2021-04-09-11,calculate_avg_wait_time,0.005,0.01,PROCESSING_TIMES,timeout,,32505,34.13793103448276,,,,300
2021-04-09-6,calculate_avg_wait_time,0.005,0.01,PROCESSING_TIMES,timeout,,32565,0,,,,300
2021-04-09-7,calculate_avg_wait_time,0.005,0.01,PROCESSING_TIMES,timeout,,53805,21.11111111111111,,,,300
2021-04-09-8,calculate_avg_wait_time,0.005,0.01,PROCESSING_TIMES,timeout,,72045,48.81818181818182,,,,300
2021-04-09-9,calculate_avg_wait_time,0.005,0.01,PROCESSING_TIMES,timeout,,42630,20.48076923076923,,,,300
2021-04-05-10,calculate_avg_wait_time,0.005,0.5,MOVE,empty,1,64200,32.1,64200,32.1,0,0.011124610900878906
2021-04-05-10,calculate_avg_wait_time,0.005,0.5,MOVE,timeout,,64200,32.1,,,,300
2021-04-05-11,calculate_avg_wait_time,0.005,0.5,MOVE,timeout,,14700,1.7647058823529411,,,,300
2021-04-05-6,calculate_avg_wait_time,0.005,0.5,MOVE,timeout,,43380,21.666666666666668,,,,300
2021-04-05-7,calculate_avg_wait_time,0.005,0.5,MOVE,timeout,,52335,29.25,,,,300
2021-04-05-8,calculate_avg_wait_time,0.005,0.5,MOVE,empty,1,53725,55.3,53755,55.4,0,124.87209630012512
2021-04-05-8,calculate_avg_wait_time,0.005,0.5,MOVE,timeout,,53725,55.3,,,,300
2021-04-05-9,calculate_avg_wait_time,0.005,0.5,MOVE,timeout,,48075,25.363636363636363,,,,300
2021-04-06-10,calculate_avg_wait_time,0.005,0.5,MOVE,empty,1,58560,39.183673469387756,58560,39.183673469387756,0,0.039998531341552734
2021-04-06-10,calculate_avg_wait_time,0.005,0.5,MOVE,timeout,,58560,39.183673469387756,,,,300
2021-04-06-11,calculate_avg_wait_time,0.005,0.5,MOVE,timeout,,30630,45.51724137931034,,,,300
2021-04-06-6,calculate_avg_wait_time,0.005,0.5,MOVE,timeout,,54690,12.5,,,,300
2021-04-06-7,calculate_avg_wait_time,0.005,0.5,MOVE,timeout,,74205,47.785714285714285,,,,300
2021-04-06-8,calculate_avg_wait_time,0.005,0.5,MOVE,empty,1,83100,58.43283582089552,83100,58.43283582089552,0,0.030452251434326172
2021-04-06-8,calculate_avg_wait_time,0.005,0.5,MOVE,timeout,,83100,58.43283582089552,,,,300
2021-04-06-9,calculate_avg_wait_time,0.005,0.5,MOVE,timeout,,41820,21.6,,,,300
2021-04-07-10,calculate_avg_wait_time,0.005,0.5,MOVE,timeout,,62760,23.048780487804876,,,,300
2021-04-07-11,calculate_avg_wait_time,0.005,0.5,MOVE,timeout,,26325,23.076923076923077,,,,300
2021-04-07-6,calculate_avg_wait_time,0.005,0.5,MOVE,empty,1,43950,11.666666666666666,43950,11.666666666666666,0,0.004002571105957031
2021-04-07-6,calculate_avg_wait_time,0.005,0.5,MOVE,timeout,,43950,11.666666666666666,,,,300
2021-04-07-7,calculate_avg_wait_time,0.005,0.5,MOVE,timeout,,57075,33.214285714285715,,,,300
2021-04-07-8,calculate_avg_wait_time,0.005,0.5,MOVE,empty,1,58110,36.09375,58110,36.09375,0,0.06017422676086426
2021-04-07-8,calculate_avg_wait_time,0.005,0.5,MOVE,timeout,,58110,36.09375,,,,300
2021-04-07-9,calculate_avg_wait_time,0.005,0.5,MOVE,timeout,,59310,31.296296296296298,,,,300
2021-04-08-10,calculate_avg_wait_time,0.005,0.5,MOVE,empty,1,36840,7,36840,7,0,0.003008604049682617
2021-04-08-10,calculate_avg_wait_time,0.005,0.5,MOVE,timeout,,36840,7,,,,300
2021-04-08-11,calculate_avg_wait_time,0.005,0.5,MOVE,timeout,,18600,13.043478260869565,,,,300
2021-04-08-6,calculate_avg_wait_time,0.005,0.5,MOVE,timeout,,63420,28.085106382978722,,,,300
2021-04-08-7,calculate_avg_wait_time,0.005,0.5,MOVE,timeout,,63855,36.19047619047619,,,,300
2021-04-08-8,calculate_avg_wait_time,0.005,0.5,MOVE,timeout,,67275,35.55555555555556,,,,300
2021-04-08-9,calculate_avg_wait_time,0.005,0.5,MOVE,timeout,,65185,52.394366197183096,,,,300
2021-04-09-10,calculate_avg_wait_time,0.005,0.5,MOVE,timeout,,65100,35.1,,,,300
2021-04-09-11,calculate_avg_wait_time,0.005,0.5,MOVE,timeout,,32505,34.13793103448276,,,,300
2021-04-09-6,calculate_avg_wait_time,0.005,0.5,MOVE,timeout,,32565,0,,,,300
2021-04-09-7,calculate_avg_wait_time,0.005,0.5,MOVE,timeout,,53805,21.11111111111111,,,,300
2021-04-09-8,calculate_avg_wait_time,0.005,0.5,MOVE,timeout,,72045,48.81818181818182,,,,300
2021-04-09-9,calculate_avg_wait_time,0.005,0.5,MOVE,empty,1,42630,20.48076923076923,42780,20.48076923076923,0,98.65112566947937
2021-04-09-9,calculate_avg_wait_time,0.005,0.5,MOVE,timeout,,42630,20.48076923076923,,,,300
2021-04-05-10,calculate_avg_wait_time,0.005,0.5,MOVE_PROC,empty,1,64200,32.1,64200,32.1,0,0.0110626220703125
2021-04-05-10,calculate_avg_wait_time,0.005,0.5,MOVE_PROC,timeout,,64200,32.1,,,,300
2021-04-05-11,calculate_avg_wait_time,0.005,0.5,MOVE_PROC,timeout,,14700,1.7647058823529411,,,,300
2021-04-05-6,calculate_avg_wait_time,0.005,0.5,MOVE_PROC,timeout,,43380,21.666666666666668,,,,300
2021-04-05-7,calculate_avg_wait_time,0.005,0.5,MOVE_PROC,timeout,,52335,29.25,,,,300
2021-04-05-8,calculate_avg_wait_time,0.005,0.5,MOVE_PROC,empty,1,53725,55.3,53755,55.4,0,124.57110095024109
2021-04-05-8,calculate_avg_wait_time,0.005,0.5,MOVE_PROC,timeout,,53725,55.3,,,,300
2021-04-05-9,calculate_avg_wait_time,0.005,0.5,MOVE_PROC,timeout,,48075,25.363636363636363,,,,300
2021-04-06-10,calculate_avg_wait_time,0.005,0.5,MOVE_PROC,empty,1,58560,39.183673469387756,58560,39.183673469387756,0,0.02398085594177246
2021-04-06-10,calculate_avg_wait_time,0.005,0.5,MOVE_PROC,timeout,,58560,39.183673469387756,,,,300
2021-04-06-11,calculate_avg_wait_time,0.005,0.5,MOVE_PROC,timeout,,30630,45.51724137931034,,,,300
2021-04-06-6,calculate_avg_wait_time,0.005,0.5,MOVE_PROC,timeout,,54690,12.5,,,,300
2021-04-06-7,calculate_avg_wait_time,0.005,0.5,MOVE_PROC,timeout,,74205,47.785714285714285,,,,300
2021-04-06-8,calculate_avg_wait_time,0.005,0.5,MOVE_PROC,empty,1,83100,58.43283582089552,83100,58.43283582089552,0,0.018344879150390625
2021-04-06-8,calculate_avg_wait_time,0.005,0.5,MOVE_PROC,timeout,,83100,58.43283582089552,,,,300
2021-04-06-9,calculate_avg_wait_time,0.005,0.5,MOVE_PROC,timeout,,41820,21.6,,,,300
2021-04-07-10,calculate_avg_wait_time,0.005,0.5,MOVE_PROC,timeout,,62760,23.048780487804876,,,,300
2021-04-07-11,calculate_avg_wait_time,0.005,0.5,MOVE_PROC,timeout,,26325,23.076923076923077,,,,300
2021-04-07-6,calculate_avg_wait_time,0.005,0.5,MOVE_PROC,empty,1,43950,11.666666666666666,43950,11.666666666666666,0,0.005369901657104492
2021-04-07-6,calculate_avg_wait_time,0.005,0.5,MOVE_PROC,timeout,,43950,11.666666666666666,,,,300
2021-04-07-7,calculate_avg_wait_time,0.005,0.5,MOVE_PROC,timeout,,57075,33.214285714285715,,,,300
2021-04-07-8,calculate_avg_wait_time,0.005,0.5,MOVE_PROC,empty,1,58110,36.09375,58110,36.09375,0,0.0583195686340332
2021-04-07-8,calculate_avg_wait_time,0.005,0.5,MOVE_PROC,timeout,,58110,36.09375,,,,300
2021-04-07-9,calculate_avg_wait_time,0.005,0.5,MOVE_PROC,timeout,,59310,31.296296296296298,,,,300
2021-04-08-10,calculate_avg_wait_time,0.005,0.5,MOVE_PROC,empty,1,36840,7,36840,7,0,0.001989126205444336
2021-04-08-10,calculate_avg_wait_time,0.005,0.5,MOVE_PROC,timeout,,36840,7,,,,300
2021-04-08-11,calculate_avg_wait_time,0.005,0.5,MOVE_PROC,timeout,,18600,13.043478260869565,,,,300
2021-04-08-6,calculate_avg_wait_time,0.005,0.5,MOVE_PROC,timeout,,63420,28.085106382978722,,,,300
2021-04-08-7,calculate_avg_wait_time,0.005,0.5,MOVE_PROC,timeout,,63855,36.19047619047619,,,,300
2021-04-08-8,calculate_avg_wait_time,0.005,0.5,MOVE_PROC,timeout,,67275,35.55555555555556,,,,300
2021-04-08-9,calculate_avg_wait_time,0.005,0.5,MOVE_PROC,timeout,,65185,52.394366197183096,,,,300
2021-04-09-10,calculate_avg_wait_time,0.005,0.5,MOVE_PROC,timeout,,65100,35.1,,,,300
2021-04-09-11,calculate_avg_wait_time,0.005,0.5,MOVE_PROC,timeout,,32505,34.13793103448276,,,,300
2021-04-09-6,calculate_avg_wait_time,0.005,0.5,MOVE_PROC,timeout,,32565,0,,,,300
2021-04-09-7,calculate_avg_wait_time,0.005,0.5,MOVE_PROC,timeout,,53805,21.11111111111111,,,,300
2021-04-09-8,calculate_avg_wait_time,0.005,0.5,MOVE_PROC,timeout,,72045,48.81818181818182,,,,300
2021-04-09-9,calculate_avg_wait_time,0.005,0.5,MOVE_PROC,empty,1,42630,20.48076923076923,42780,20.48076923076923,0,98.44976496696472
2021-04-09-9,calculate_avg_wait_time,0.005,0.5,MOVE_PROC,timeout,,42630,20.48076923076923,,,,300
2021-04-05-10,calculate_avg_wait_time,0.005,0.5,SWAP_ALL,empty,1,64200,32.1,64200,32.1,0,0.01009511947631836
2021-04-05-10,calculate_avg_wait_time,0.005,0.5,SWAP_ALL,timeout,,64200,32.1,,,,300
2021-04-05-11,calculate_avg_wait_time,0.005,0.5,SWAP_ALL,timeout,,14700,1.7647058823529411,,,,300
2021-04-05-6,calculate_avg_wait_time,0.005,0.5,SWAP_ALL,timeout,,43380,21.666666666666668,,,,300
2021-04-05-7,calculate_avg_wait_time,0.005,0.5,SWAP_ALL,empty,1,52335,29.25,52800,29.25,0,226.19014477729797
2021-04-05-7,calculate_avg_wait_time,0.005,0.5,SWAP_ALL,timeout,,52335,29.25,,,,300
2021-04-05-8,calculate_avg_wait_time,0.005,0.5,SWAP_ALL,timeout,,53725,55.3,,,,300
2021-04-05-9,calculate_avg_wait_time,0.005,0.5,SWAP_ALL,timeout,,48075,25.363636363636363,,,,300
2021-04-06-10,calculate_avg_wait_time,0.005,0.5,SWAP_ALL,empty,1,58560,39.183673469387756,58560,39.183673469387756,0,0.024035215377807617
2021-04-06-10,calculate_avg_wait_time,0.005,0.5,SWAP_ALL,timeout,,58560,39.183673469387756,,,,300
2021-04-06-11,calculate_avg_wait_time,0.005,0.5,SWAP_ALL,timeout,,30630,45.51724137931034,,,,300
2021-04-06-6,calculate_avg_wait_time,0.005,0.5,SWAP_ALL,timeout,,54690,12.5,,,,300
2021-04-06-7,calculate_avg_wait_time,0.005,0.5,SWAP_ALL,empty,1,74205,47.785714285714285,75105,47.785714285714285,0,231.15921831130981
2021-04-06-7,calculate_avg_wait_time,0.005,0.5,SWAP_ALL,timeout,,74205,47.785714285714285,,,,300
2021-04-06-8,calculate_avg_wait_time,0.005,0.5,SWAP_ALL,empty,1,83100,58.43283582089552,83100,58.43283582089552,0,0.02034473419189453
2021-04-06-8,calculate_avg_wait_time,0.005,0.5,SWAP_ALL,timeout,,83100,58.43283582089552,,,,300
2021-04-06-9,calculate_avg_wait_time,0.005,0.5,SWAP_ALL,empty,1,41820,21.6,42030,21.6,0,233.24889063835144
2021-04-06-9,calculate_avg_wait_time,0.005,0.5,SWAP_ALL,timeout,,41820,21.6,,,,300
2021-04-07-10,calculate_avg_wait_time,0.005,0.5,SWAP_ALL,timeout,,62760,23.048780487804876,,,,300
2021-04-07-11,calculate_avg_wait_time,0.005,0.5,SWAP_ALL,timeout,,26325,23.076923076923077,,,,300
2021-04-07-6,calculate_avg_wait_time,0.005,0.5,SWAP_ALL,empty,1,43950,11.666666666666666,43950,11.666666666666666,0,0.005991697311401367
2021-04-07-6,calculate_avg_wait_time,0.005,0.5,SWAP_ALL,timeout,,43950,11.666666666666666,,,,300
2021-04-07-7,calculate_avg_wait_time,0.005,0.5,SWAP_ALL,timeout,,57075,33.214285714285715,,,,300
2021-04-07-8,calculate_avg_wait_time,0.005,0.5,SWAP_ALL,empty,1,58110,36.09375,58110,36.09375,0,0.04817700386047363
2021-04-07-8,calculate_avg_wait_time,0.005,0.5,SWAP_ALL,timeout,,58110,36.09375,,,,300
2021-04-07-9,calculate_avg_wait_time,0.005,0.5,SWAP_ALL,timeout,,59310,31.296296296296298,,,,300
2021-04-08-10,calculate_avg_wait_time,0.005,0.5,SWAP_ALL,empty,1,36840,7,36840,7,0,0.005999565124511719
2021-04-08-10,calculate_avg_wait_time,0.005,0.5,SWAP_ALL,timeout,,36840,7,,,,300
2021-04-08-11,calculate_avg_wait_time,0.005,0.5,SWAP_ALL,timeout,,18600,13.043478260869565,,,,300
2021-04-08-6,calculate_avg_wait_time,0.005,0.5,SWAP_ALL,timeout,,63420,28.085106382978722,,,,300
2021-04-08-7,calculate_avg_wait_time,0.005,0.5,SWAP_ALL,timeout,,63855,36.19047619047619,,,,300
2021-04-08-8,calculate_avg_wait_time,0.005,0.5,SWAP_ALL,timeout,,67275,35.55555555555556,,,,300
2021-04-08-9,calculate_avg_wait_time,0.005,0.5,SWAP_ALL,timeout,,65185,52.394366197183096,,,,300
2021-04-09-10,calculate_avg_wait_time,0.005,0.5,SWAP_ALL,empty,1,65100,35.1,65910,35.1,0,110.93562531471252
2021-04-09-10,calculate_avg_wait_time,0.005,0.5,SWAP_ALL,timeout,,65100,35.1,,,,300
2021-04-09-11,calculate_avg_wait_time,0.005,0.5,SWAP_ALL,timeout,,32505,34.13793103448276,,,,300
2021-04-09-6,calculate_avg_wait_time,0.005,0.5,SWAP_ALL,timeout,,32565,0,,,,300
2021-04-09-7,calculate_avg_wait_time,0.005,0.5,SWAP_ALL,timeout,,53805,21.11111111111111,,,,300
2021-04-09-8,calculate_avg_wait_time,0.005,0.5,SWAP_ALL,empty,1,72045,48.81818181818182,72105,48.81818181818182,0,278.59334325790405
2021-04-09-8,calculate_avg_wait_time,0.005,0.5,SWAP_ALL,timeout,,72045,48.81818181818182,,,,300
2021-04-09-9,calculate_avg_wait_time,0.005,0.5,SWAP_ALL,timeout,,42630,20.48076923076923,,,,300
2021-04-05-10,calculate_avg_wait_time,0.005,0.5,SWAP_ALL_PROC,empty,1,64200,32.1,64200,32.1,0,0.008995294570922852
2021-04-05-10,calculate_avg_wait_time,0.005,0.5,SWAP_ALL_PROC,timeout,,64200,32.1,,,,300
2021-04-05-11,calculate_avg_wait_time,0.005,0.5,SWAP_ALL_PROC,timeout,,14700,1.7647058823529411,,,,300
2021-04-05-6,calculate_avg_wait_time,0.005,0.5,SWAP_ALL_PROC,timeout,,43380,21.666666666666668,,,,300
2021-04-05-7,calculate_avg_wait_time,0.005,0.5,SWAP_ALL_PROC,empty,1,52335,29.25,52800,29.25,0,226.1097276210785
2021-04-05-7,calculate_avg_wait_time,0.005,0.5,SWAP_ALL_PROC,timeout,,52335,29.25,,,,300
2021-04-05-8,calculate_avg_wait_time,0.005,0.5,SWAP_ALL_PROC,timeout,,53725,55.3,,,,300
2021-04-05-9,calculate_avg_wait_time,0.005,0.5,SWAP_ALL_PROC,timeout,,48075,25.363636363636363,,,,300
2021-04-06-10,calculate_avg_wait_time,0.005,0.5,SWAP_ALL_PROC,empty,1,58560,39.183673469387756,58560,39.183673469387756,0,0.024035215377807617
2021-04-06-10,calculate_avg_wait_time,0.005,0.5,SWAP_ALL_PROC,timeout,,58560,39.183673469387756,,,,300
2021-04-06-11,calculate_avg_wait_time,0.005,0.5,SWAP_ALL_PROC,timeout,,30630,45.51724137931034,,,,300
2021-04-06-6,calculate_avg_wait_time,0.005,0.5,SWAP_ALL_PROC,timeout,,54690,12.5,,,,300
2021-04-06-7,calculate_avg_wait_time,0.005,0.5,SWAP_ALL_PROC,empty,1,74205,47.785714285714285,75105,47.785714285714285,0,230.6994128227234
2021-04-06-7,calculate_avg_wait_time,0.005,0.5,SWAP_ALL_PROC,timeout,,74205,47.785714285714285,,,,300
2021-04-06-8,calculate_avg_wait_time,0.005,0.5,SWAP_ALL_PROC,empty,1,83100,58.43283582089552,83100,58.43283582089552,0,0.02034473419189453
2021-04-06-8,calculate_avg_wait_time,0.005,0.5,SWAP_ALL_PROC,timeout,,83100,58.43283582089552,,,,300
2021-04-06-9,calculate_avg_wait_time,0.005,0.5,SWAP_ALL_PROC,empty,1,41820,21.6,42030,21.6,0,232.1255886554718
2021-04-06-9,calculate_avg_wait_time,0.005,0.5,SWAP_ALL_PROC,timeout,,41820,21.6,,,,300
2021-04-07-10,calculate_avg_wait_time,0.005,0.5,SWAP_ALL_PROC,timeout,,62760,23.048780487804876,,,,300
2021-04-07-11,calculate_avg_wait_time,0.005,0.5,SWAP_ALL_PROC,timeout,,26325,23.076923076923077,,,,300
2021-04-07-6,calculate_avg_wait_time,0.005,0.5,SWAP_ALL_PROC,empty,1,43950,11.666666666666666,43950,11.666666666666666,0,0.006900310516357422
2021-04-07-6,calculate_avg_wait_time,0.005,0.5,SWAP_ALL_PROC,timeout,,43950,11.666666666666666,,,,300
2021-04-07-7,calculate_avg_wait_time,0.005,0.5,SWAP_ALL_PROC,timeout,,57075,33.214285714285715,,,,300
2021-04-07-8,calculate_avg_wait_time,0.005,0.5,SWAP_ALL_PROC,empty,1,58110,36.09375,58110,36.09375,0,0.03524518013000488
2021-04-07-8,calculate_avg_wait_time,0.005,0.5,SWAP_ALL_PROC,timeout,,58110,36.09375,,,,300
2021-04-07-9,calculate_avg_wait_time,0.005,0.5,SWAP_ALL_PROC,timeout,,59310,31.296296296296298,,,,300
2021-04-08-10,calculate_avg_wait_time,0.005,0.5,SWAP_ALL_PROC,empty,1,36840,7,36840,7,0,0.0060002803802490234
2021-04-08-10,calculate_avg_wait_time,0.005,0.5,SWAP_ALL_PROC,timeout,,36840,7,,,,300
2021-04-08-11,calculate_avg_wait_time,0.005,0.5,SWAP_ALL_PROC,timeout,,18600,13.043478260869565,,,,300
2021-04-08-6,calculate_avg_wait_time,0.005,0.5,SWAP_ALL_PROC,timeout,,63420,28.085106382978722,,,,300
2021-04-08-7,calculate_avg_wait_time,0.005,0.5,SWAP_ALL_PROC,timeout,,63855,36.19047619047619,,,,300
2021-04-08-8,calculate_avg_wait_time,0.005,0.5,SWAP_ALL_PROC,timeout,,67275,35.55555555555556,,,,300
2021-04-08-9,calculate_avg_wait_time,0.005,0.5,SWAP_ALL_PROC,timeout,,65185,52.394366197183096,,,,300
2021-04-09-10,calculate_avg_wait_time,0.005,0.5,SWAP_ALL_PROC,empty,1,65100,35.1,65910,35.1,0,111.01857948303223
2021-04-09-10,calculate_avg_wait_time,0.005,0.5,SWAP_ALL_PROC,timeout,,65100,35.1,,,,300
2021-04-09-11,calculate_avg_wait_time,0.005,0.5,SWAP_ALL_PROC,timeout,,32505,34.13793103448276,,,,300
2021-04-09-6,calculate_avg_wait_time,0.005,0.5,SWAP_ALL_PROC,timeout,,32565,0,,,,300
2021-04-09-7,calculate_avg_wait_time,0.005,0.5,SWAP_ALL_PROC,timeout,,53805,21.11111111111111,,,,300
2021-04-09-8,calculate_avg_wait_time,0.005,0.5,SWAP_ALL_PROC,empty,1,72045,48.81818181818182,72105,48.81818181818182,0,278.84171295166016
2021-04-09-8,calculate_avg_wait_time,0.005,0.5,SWAP_ALL_PROC,timeout,,72045,48.81818181818182,,,,300
2021-04-09-9,calculate_avg_wait_time,0.005,0.5,SWAP_ALL_PROC,timeout,,42630,20.48076923076923,,,,300
2021-04-05-10,calculate_avg_wait_time,0.005,0.5,PROCESSING_TIMES,empty,1,64200,32.1,64200,32.1,0,0.009992361068725586
2021-04-05-10,calculate_avg_wait_time,0.005,0.5,PROCESSING_TIMES,timeout,,64200,32.1,,,,300
2021-04-05-11,calculate_avg_wait_time,0.005,0.5,PROCESSING_TIMES,timeout,,14700,1.7647058823529411,,,,300
2021-04-05-6,calculate_avg_wait_time,0.005,0.5,PROCESSING_TIMES,timeout,,43380,21.666666666666668,,,,300
2021-04-05-7,calculate_avg_wait_time,0.005,0.5,PROCESSING_TIMES,timeout,,52335,29.25,,,,300
2021-04-05-8,calculate_avg_wait_time,0.005,0.5,PROCESSING_TIMES,timeout,,53725,55.3,,,,300
2021-04-05-9,calculate_avg_wait_time,0.005,0.5,PROCESSING_TIMES,empty,1,48075,25.363636363636363,48075,25.363636363636363,0,88.30902075767517
2021-04-05-9,calculate_avg_wait_time,0.005,0.5,PROCESSING_TIMES,timeout,,48075,25.363636363636363,,,,300
2021-04-06-10,calculate_avg_wait_time,0.005,0.5,PROCESSING_TIMES,empty,1,58560,39.183673469387756,58560,39.183673469387756,0,0.033551692962646484
2021-04-06-10,calculate_avg_wait_time,0.005,0.5,PROCESSING_TIMES,timeout,,58560,39.183673469387756,,,,300
2021-04-06-11,calculate_avg_wait_time,0.005,0.5,PROCESSING_TIMES,timeout,,30630,45.51724137931034,,,,300
2021-04-06-6,calculate_avg_wait_time,0.005,0.5,PROCESSING_TIMES,timeout,,54690,12.5,,,,300
2021-04-06-7,calculate_avg_wait_time,0.005,0.5,PROCESSING_TIMES,timeout,,74205,47.785714285714285,,,,300
2021-04-06-8,calculate_avg_wait_time,0.005,0.5,PROCESSING_TIMES,empty,1,83100,58.43283582089552,83100,58.43283582089552,0,0.027264118194580078
2021-04-06-8,calculate_avg_wait_time,0.005,0.5,PROCESSING_TIMES,timeout,,83100,58.43283582089552,,,,300
2021-04-06-9,calculate_avg_wait_time,0.005,0.5,PROCESSING_TIMES,timeout,,41820,21.6,,,,300
2021-04-07-10,calculate_avg_wait_time,0.005,0.5,PROCESSING_TIMES,timeout,,62760,23.048780487804876,,,,300
2021-04-07-11,calculate_avg_wait_time,0.005,0.5,PROCESSING_TIMES,timeout,,26325,23.076923076923077,,,,300
2021-04-07-6,calculate_avg_wait_time,0.005,0.5,PROCESSING_TIMES,empty,1,43950,11.666666666666666,43950,11.666666666666666,0,0.0059125423431396484
2021-04-07-6,calculate_avg_wait_time,0.005,0.5,PROCESSING_TIMES,timeout,,43950,11.666666666666666,,,,300
2021-04-07-7,calculate_avg_wait_time,0.005,0.5,PROCESSING_TIMES,timeout,,57075,33.214285714285715,,,,300
2021-04-07-8,calculate_avg_wait_time,0.005,0.5,PROCESSING_TIMES,empty,1,58110,36.09375,58110,36.09375,0,0.038338422775268555
2021-04-07-8,calculate_avg_wait_time,0.005,0.5,PROCESSING_TIMES,timeout,,58110,36.09375,,,,300
2021-04-07-9,calculate_avg_wait_time,0.005,0.5,PROCESSING_TIMES,timeout,,59310,31.296296296296298,,,,300
2021-04-08-10,calculate_avg_wait_time,0.005,0.5,PROCESSING_TIMES,empty,1,36840,7,36840,7,0,0.006000995635986328
2021-04-08-10,calculate_avg_wait_time,0.005,0.5,PROCESSING_TIMES,timeout,,36840,7,,,,300
2021-04-08-11,calculate_avg_wait_time,0.005,0.5,PROCESSING_TIMES,timeout,,18600,13.043478260869565,,,,300
2021-04-08-6,calculate_avg_wait_time,0.005,0.5,PROCESSING_TIMES,timeout,,63420,28.085106382978722,,,,300
2021-04-08-7,calculate_avg_wait_time,0.005,0.5,PROCESSING_TIMES,timeout,,63855,36.19047619047619,,,,300
2021-04-08-8,calculate_avg_wait_time,0.005,0.5,PROCESSING_TIMES,timeout,,67275,35.55555555555556,,,,300
2021-04-08-9,calculate_avg_wait_time,0.005,0.5,PROCESSING_TIMES,timeout,,65185,52.394366197183096,,,,300
2021-04-09-10,calculate_avg_wait_time,0.005,0.5,PROCESSING_TIMES,timeout,,65100,35.1,,,,300
2021-04-09-11,calculate_avg_wait_time,0.005,0.5,PROCESSING_TIMES,timeout,,32505,34.13793103448276,,,,300
2021-04-09-6,calculate_avg_wait_time,0.005,0.5,PROCESSING_TIMES,timeout,,32565,0,,,,300
2021-04-09-7,calculate_avg_wait_time,0.005,0.5,PROCESSING_TIMES,timeout,,53805,21.11111111111111,,,,300
2021-04-09-8,calculate_avg_wait_time,0.005,0.5,PROCESSING_TIMES,timeout,,72045,48.81818181818182,,,,300
2021-04-09-9,calculate_avg_wait_time,0.005,0.5,PROCESSING_TIMES,timeout,,42630,20.48076923076923,,,,300
2021-04-05-10,calculate_avg_wait_time,0.02,0.01,MOVE,empty,1,64200,32.1,64200,32.1,0,0.01199793815612793
2021-04-05-10,calculate_avg_wait_time,0.02,0.01,MOVE,timeout,,64200,32.1,,,,300
2021-04-05-11,calculate_avg_wait_time,0.02,0.01,MOVE,timeout,,14700,1.7647058823529411,,,,300
2021-04-05-6,calculate_avg_wait_time,0.02,0.01,MOVE,empty,1,43380,21.666666666666668,43425,22,0,125.50031304359436
2021-04-05-6,calculate_avg_wait_time,0.02,0.01,MOVE,timeout,,43380,21.666666666666668,,,,300
2021-04-05-7,calculate_avg_wait_time,0.02,0.01,MOVE,empty,1,52335,29.25,52665,29.75,0,258.13171219825745
2021-04-05-7,calculate_avg_wait_time,0.02,0.01,MOVE,timeout,,52335,29.25,,,,300
2021-04-05-8,calculate_avg_wait_time,0.02,0.01,MOVE,empty,1,53725,55.3,53755,55.4,0,126.02076482772827
2021-04-05-8,calculate_avg_wait_time,0.02,0.01,MOVE,timeout,,53725,55.3,,,,300
2021-04-05-9,calculate_avg_wait_time,0.02,0.01,MOVE,timeout,,48075,25.363636363636363,,,,300
2021-04-06-10,calculate_avg_wait_time,0.02,0.01,MOVE,empty,1,58560,39.183673469387756,58560,39.183673469387756,0,0.033247947692871094
2021-04-06-10,calculate_avg_wait_time,0.02,0.01,MOVE,timeout,,58560,39.183673469387756,,,,300
2021-04-06-11,calculate_avg_wait_time,0.02,0.01,MOVE,empty,1,30630,45.51724137931034,30660,46.03448275862069,0,109.5674614906311
2021-04-06-11,calculate_avg_wait_time,0.02,0.01,MOVE,timeout,,30630,45.51724137931034,,,,300
2021-04-06-6,calculate_avg_wait_time,0.02,0.01,MOVE,timeout,,54690,12.5,,,,300
2021-04-06-7,calculate_avg_wait_time,0.02,0.01,MOVE,empty,1,74205,47.785714285714285,74820,48.642857142857146,0,281.17814111709595
2021-04-06-7,calculate_avg_wait_time,0.02,0.01,MOVE,timeout,,74205,47.785714285714285,,,,300
2021-04-06-8,calculate_avg_wait_time,0.02,0.01,MOVE,empty,1,83100,58.43283582089552,83100,58.43283582089552,0,0.024099111557006836
2021-04-06-8,calculate_avg_wait_time,0.02,0.01,MOVE,timeout,,83100,58.43283582089552,,,,300
2021-04-06-9,calculate_avg_wait_time,0.02,0.01,MOVE,empty,1,41820,21.6,41835,21.9,0,135.39922070503235
2021-04-06-9,calculate_avg_wait_time,0.02,0.01,MOVE,timeout,,41820,21.6,,,,300
2021-04-07-10,calculate_avg_wait_time,0.02,0.01,MOVE,timeout,,62760,23.048780487804876,,,,300
2021-04-07-11,calculate_avg_wait_time,0.02,0.01,MOVE,timeout,,26325,23.076923076923077,,,,300
2021-04-07-6,calculate_avg_wait_time,0.02,0.01,MOVE,empty,1,43950,11.666666666666666,43950,11.666666666666666,0,0.006120204925537109
2021-04-07-6,calculate_avg_wait_time,0.02,0.01,MOVE,timeout,,43950,11.666666666666666,,,,300
2021-04-07-7,calculate_avg_wait_time,0.02,0.01,MOVE,timeout,,57075,33.214285714285715,,,,300
2021-04-07-8,calculate_avg_wait_time,0.02,0.01,MOVE,empty,1,58110,36.09375,58110,36.09375,0,0.024998188018798828
2021-04-07-8,calculate_avg_wait_time,0.02,0.01,MOVE,timeout,,58110,36.09375,,,,300
2021-04-07-9,calculate_avg_wait_time,0.02,0.01,MOVE,empty,1,59310,31.296296296296298,59790,31.85185185185185,0,86.10248804092407
2021-04-07-9,calculate_avg_wait_time,0.02,0.01,MOVE,timeout,,59310,31.296296296296298,,,,300
2021-04-08-10,calculate_avg_wait_time,0.02,0.01,MOVE,empty,1,36840,7,36840,7,0,0.0029976367950439453
2021-04-08-10,calculate_avg_wait_time,0.02,0.01,MOVE,timeout,,36840,7,,,,300
2021-04-08-11,calculate_avg_wait_time,0.02,0.01,MOVE,timeout,,18600,13.043478260869565,,,,300
2021-04-08-6,calculate_avg_wait_time,0.02,0.01,MOVE,timeout,,63420,28.085106382978722,,,,300
2021-04-08-7,calculate_avg_wait_time,0.02,0.01,MOVE,empty,1,63855,36.19047619047619,64035,36.666666666666664,0,234.70306420326233
2021-04-08-7,calculate_avg_wait_time,0.02,0.01,MOVE,timeout,,63855,36.19047619047619,,,,300
2021-04-08-8,calculate_avg_wait_time,0.02,0.01,MOVE,empty,1,67275,35.55555555555556,67365,35.833333333333336,0,100.22738218307495
2021-04-08-8,calculate_avg_wait_time,0.02,0.01,MOVE,timeout,,67275,35.55555555555556,,,,300
2021-04-08-9,calculate_avg_wait_time,0.02,0.01,MOVE,timeout,,65185,52.394366197183096,,,,300
2021-04-09-10,calculate_avg_wait_time,0.02,0.01,MOVE,timeout,,65100,35.1,,,,300
2021-04-09-11,calculate_avg_wait_time,0.02,0.01,MOVE,empty,1,32505,34.13793103448276,32625,34.6551724137931,0,95.75405168533325
2021-04-09-11,calculate_avg_wait_time,0.02,0.01,MOVE,timeout,,32505,34.13793103448276,,,,300
2021-04-09-6,calculate_avg_wait_time,0.02,0.01,MOVE,timeout,,32565,0,,,,300
2021-04-09-7,calculate_avg_wait_time,0.02,0.01,MOVE,empty,1,53805,21.11111111111111,54090,21.38888888888889,0,104.0108072757721
2021-04-09-7,calculate_avg_wait_time,0.02,0.01,MOVE,timeout,,53805,21.11111111111111,,,,300
2021-04-09-8,calculate_avg_wait_time,0.02,0.01,MOVE,empty,1,72045,48.81818181818182,72180,49.09090909090909,0,95.88291263580322
2021-04-09-8,calculate_avg_wait_time,0.02,0.01,MOVE,timeout,,72045,48.81818181818182,,,,300
2021-04-09-9,calculate_avg_wait_time,0.02,0.01,MOVE,empty,1,42630,20.48076923076923,42780,20.48076923076923,0,99.29876232147217
2021-04-09-9,calculate_avg_wait_time,0.02,0.01,MOVE,timeout,,42630,20.48076923076923,,,,300
2021-04-05-10,calculate_avg_wait_time,0.02,0.01,MOVE_PROC,empty,1,64200,32.1,64200,32.1,0,0.01199793815612793
2021-04-05-10,calculate_avg_wait_time,0.02,0.01,MOVE_PROC,timeout,,64200,32.1,,,,300
2021-04-05-11,calculate_avg_wait_time,0.02,0.01,MOVE_PROC,timeout,,14700,1.7647058823529411,,,,300
2021-04-05-6,calculate_avg_wait_time,0.02,0.01,MOVE_PROC,empty,1,43380,21.666666666666668,43425,22,0,140.6479570865631
2021-04-05-6,calculate_avg_wait_time,0.02,0.01,MOVE_PROC,timeout,,43380,21.666666666666668,,,,300
2021-04-05-7,calculate_avg_wait_time,0.02,0.01,MOVE_PROC,empty,1,52335,29.25,52665,29.75,0,259.7611925601959
2021-04-05-7,calculate_avg_wait_time,0.02,0.01,MOVE_PROC,timeout,,52335,29.25,,,,300
2021-04-05-8,calculate_avg_wait_time,0.02,0.01,MOVE_PROC,empty,1,53725,55.3,53755,55.4,0,125.53570294380188
2021-04-05-8,calculate_avg_wait_time,0.02,0.01,MOVE_PROC,timeout,,53725,55.3,,,,300
2021-04-05-9,calculate_avg_wait_time,0.02,0.01,MOVE_PROC,timeout,,48075,25.363636363636363,,,,300
2021-04-06-10,calculate_avg_wait_time,0.02,0.01,MOVE_PROC,empty,1,58560,39.183673469387756,58560,39.183673469387756,0,0.035996437072753906
2021-04-06-10,calculate_avg_wait_time,0.02,0.01,MOVE_PROC,timeout,,58560,39.183673469387756,,,,300
2021-04-06-11,calculate_avg_wait_time,0.02,0.01,MOVE_PROC,empty,1,30630,45.51724137931034,30660,46.03448275862069,0,108.59661674499512
2021-04-06-11,calculate_avg_wait_time,0.02,0.01,MOVE_PROC,timeout,,30630,45.51724137931034,,,,300
2021-04-06-6,calculate_avg_wait_time,0.02,0.01,MOVE_PROC,timeout,,54690,12.5,,,,300
2021-04-06-7,calculate_avg_wait_time,0.02,0.01,MOVE_PROC,empty,1,74205,47.785714285714285,74820,48.642857142857146,0,281.41800689697266
2021-04-06-7,calculate_avg_wait_time,0.02,0.01,MOVE_PROC,timeout,,74205,47.785714285714285,,,,300
2021-04-06-8,calculate_avg_wait_time,0.02,0.01,MOVE_PROC,empty,1,83100,58.43283582089552,83100,58.43283582089552,0,0.048171043395996094
2021-04-06-8,calculate_avg_wait_time,0.02,0.01,MOVE_PROC,timeout,,83100,58.43283582089552,,,,300
2021-04-06-9,calculate_avg_wait_time,0.02,0.01,MOVE_PROC,empty,1,41820,21.6,41835,21.9,0,136.1469202041626
2021-04-06-9,calculate_avg_wait_time,0.02,0.01,MOVE_PROC,timeout,,41820,21.6,,,,300
2021-04-07-10,calculate_avg_wait_time,0.02,0.01,MOVE_PROC,timeout,,62760,23.048780487804876,,,,300
2021-04-07-11,calculate_avg_wait_time,0.02,0.01,MOVE_PROC,timeout,,26325,23.076923076923077,,,,300
2021-04-07-6,calculate_avg_wait_time,0.02,0.01,MOVE_PROC,empty,1,43950,11.666666666666666,43950,11.666666666666666,0,0.006273984909057617
2021-04-07-6,calculate_avg_wait_time,0.02,0.01,MOVE_PROC,timeout,,43950,11.666666666666666,,,,300
2021-04-07-7,calculate_avg_wait_time,0.02,0.01,MOVE_PROC,timeout,,57075,33.214285714285715,,,,300
2021-04-07-8,calculate_avg_wait_time,0.02,0.01,MOVE_PROC,empty,1,58110,36.09375,58110,36.09375,0,0.024998188018798828
2021-04-07-8,calculate_avg_wait_time,0.02,0.01,MOVE_PROC,timeout,,58110,36.09375,,,,300
2021-04-07-9,calculate_avg_wait_time,0.02,0.01,MOVE_PROC,empty,1,59310,31.296296296296298,59790,31.85185185185185,0,86.5081558227539
2021-04-07-9,calculate_avg_wait_time,0.02,0.01,MOVE_PROC,timeout,,59310,31.296296296296298,,,,300
2021-04-08-10,calculate_avg_wait_time,0.02,0.01,MOVE_PROC,empty,1,36840,7,36840,7,0,0.003000497817993164
2021-04-08-10,calculate_avg_wait_time,0.02,0.01,MOVE_PROC,timeout,,36840,7,,,,300
2021-04-08-11,calculate_avg_wait_time,0.02,0.01,MOVE_PROC,timeout,,18600,13.043478260869565,,,,300
2021-04-08-6,calculate_avg_wait_time,0.02,0.01,MOVE_PROC,timeout,,63420,28.085106382978722,,,,300
2021-04-08-7,calculate_avg_wait_time,0.02,0.01,MOVE_PROC,empty,1,63855,36.19047619047619,64035,36.666666666666664,0,234.5497691631317
2021-04-08-7,calculate_avg_wait_time,0.02,0.01,MOVE_PROC,timeout,,63855,36.19047619047619,,,,300
2021-04-08-8,calculate_avg_wait_time,0.02,0.01,MOVE_PROC,empty,1,67275,35.55555555555556,67365,35.833333333333336,0,100.42401194572449
2021-04-08-8,calculate_avg_wait_time,0.02,0.01,MOVE_PROC,timeout,,67275,35.55555555555556,,,,300
2021-04-08-9,calculate_avg_wait_time,0.02,0.01,MOVE_PROC,timeout,,65185,52.394366197183096,,,,300
2021-04-09-10,calculate_avg_wait_time,0.02,0.01,MOVE_PROC,timeout,,65100,35.1,,,,300
2021-04-09-11,calculate_avg_wait_time,0.02,0.01,MOVE_PROC,empty,1,32505,34.13793103448276,32625,34.6551724137931,0,96.46491718292236
2021-04-09-11,calculate_avg_wait_time,0.02,0.01,MOVE_PROC,timeout,,32505,34.13793103448276,,,,300
2021-04-09-6,calculate_avg_wait_time,0.02,0.01,MOVE_PROC,timeout,,32565,0,,,,300
2021-04-09-7,calculate_avg_wait_time,0.02,0.01,MOVE_PROC,empty,1,53805,21.11111111111111,54090,21.38888888888889,0,106.59937977790833
2021-04-09-7,calculate_avg_wait_time,0.02,0.01,MOVE_PROC,timeout,,53805,21.11111111111111,,,,300
2021-04-09-8,calculate_avg_wait_time,0.02,0.01,MOVE_PROC,empty,1,72045,48.81818181818182,72180,49.09090909090909,0,95.7361307144165
2021-04-09-8,calculate_avg_wait_time,0.02,0.01,MOVE_PROC,timeout,,72045,48.81818181818182,,,,300
2021-04-09-9,calculate_avg_wait_time,0.02,0.01,MOVE_PROC,empty,1,42630,20.48076923076923,42780,20.48076923076923,0,100.07692503929138
2021-04-09-9,calculate_avg_wait_time,0.02,0.01,MOVE_PROC,timeout,,42630,20.48076923076923,,,,300
2021-04-05-10,calculate_avg_wait_time,0.02,0.01,SWAP_ALL,empty,1,64200,32.1,64200,32.1,0,0.013995647430419922
2021-04-05-10,calculate_avg_wait_time,0.02,0.01,SWAP_ALL,timeout,,64200,32.1,,,,300
2021-04-05-11,calculate_avg_wait_time,0.02,0.01,SWAP_ALL,timeout,,14700,1.7647058823529411,,,,300
2021-04-05-6,calculate_avg_wait_time,0.02,0.01,SWAP_ALL,timeout,,43380,21.666666666666668,,,,300
2021-04-05-7,calculate_avg_wait_time,0.02,0.01,SWAP_ALL,timeout,,52335,29.25,,,,300
2021-04-05-8,calculate_avg_wait_time,0.02,0.01,SWAP_ALL,timeout,,53725,55.3,,,,300
2021-04-05-9,calculate_avg_wait_time,0.02,0.01,SWAP_ALL,timeout,,48075,25.363636363636363,,,,300
2021-04-06-10,calculate_avg_wait_time,0.02,0.01,SWAP_ALL,empty,1,58560,39.183673469387756,58560,39.183673469387756,0,0.03699660301208496
2021-04-06-10,calculate_avg_wait_time,0.02,0.01,SWAP_ALL,timeout,,58560,39.183673469387756,,,,300
2021-04-06-11,calculate_avg_wait_time,0.02,0.01,SWAP_ALL,timeout,,30630,45.51724137931034,,,,300
2021-04-06-6,calculate_avg_wait_time,0.02,0.01,SWAP_ALL,timeout,,54690,12.5,,,,300
2021-04-06-7,calculate_avg_wait_time,0.02,0.01,SWAP_ALL,empty,1,74205,47.785714285714285,75105,47.785714285714285,0,219.83119082450867
2021-04-06-7,calculate_avg_wait_time,0.02,0.01,SWAP_ALL,timeout,,74205,47.785714285714285,,,,300
2021-04-06-8,calculate_avg_wait_time,0.02,0.01,SWAP_ALL,empty,1,83100,58.43283582089552,83100,58.43283582089552,0,0.04828596115112305
2021-04-06-8,calculate_avg_wait_time,0.02,0.01,SWAP_ALL,timeout,,83100,58.43283582089552,,,,300
2021-04-06-9,calculate_avg_wait_time,0.02,0.01,SWAP_ALL,empty,1,41820,21.6,42030,21.6,0,228.71185064315796
2021-04-06-9,calculate_avg_wait_time,0.02,0.01,SWAP_ALL,timeout,,41820,21.6,,,,300
2021-04-07-10,calculate_avg_wait_time,0.02,0.01,SWAP_ALL,timeout,,62760,23.048780487804876,,,,300
2021-04-07-11,calculate_avg_wait_time,0.02,0.01,SWAP_ALL,timeout,,26325,23.076923076923077,,,,300
2021-04-07-6,calculate_avg_wait_time,0.02,0.01,SWAP_ALL,empty,1,43950,11.666666666666666,43950,11.666666666666666,0,0.0039997100830078125
2021-04-07-6,calculate_avg_wait_time,0.02,0.01,SWAP_ALL,timeout,,43950,11.666666666666666,,,,300
2021-04-07-7,calculate_avg_wait_time,0.02,0.01,SWAP_ALL,timeout,,57075,33.214285714285715,,,,300
2021-04-07-8,calculate_avg_wait_time,0.02,0.01,SWAP_ALL,empty,1,58110,36.09375,58110,36.09375,0,0.024998188018798828
2021-04-07-8,calculate_avg_wait_time,0.02,0.01,SWAP_ALL,timeout,,58110,36.09375,,,,300
2021-04-07-9,calculate_avg_wait_time,0.02,0.01,SWAP_ALL,empty,1,59310,31.296296296296298,59790,31.85185185185185,0,79.13372087478638
2021-04-07-9,calculate_avg_wait_time,0.02,0.01,SWAP_ALL,timeout,,59310,31.296296296296298,,,,300
2021-04-08-10,calculate_avg_wait_time,0.02,0.01,SWAP_ALL,empty,1,36840,7,36840,7,0,0.003167390823364258
2021-04-08-10,calculate_avg_wait_time,0.02,0.01,SWAP_ALL,timeout,,36840,7,,,,300
2021-04-08-11,calculate_avg_wait_time,0.02,0.01,SWAP_ALL,timeout,,18600,13.043478260869565,,,,300
2021-04-08-6,calculate_avg_wait_time,0.02,0.01,SWAP_ALL,timeout,,63420,28.085106382978722,,,,300
2021-04-08-7,calculate_avg_wait_time,0.02,0.01,SWAP_ALL,timeout,,63855,36.19047619047619,,,,300
2021-04-08-8,calculate_avg_wait_time,0.02,0.01,SWAP_ALL,timeout,,67275,35.55555555555556,,,,300
2021-04-08-9,calculate_avg_wait_time,0.02,0.01,SWAP_ALL,timeout,,65185,52.394366197183096,,,,300
2021-04-09-10,calculate_avg_wait_time,0.02,0.01,SWAP_ALL,empty,1,65100,35.1,65910,35.1,0,209.26092219352722
2021-04-09-10,calculate_avg_wait_time,0.02,0.01,SWAP_ALL,timeout,,65100,35.1,,,,300
2021-04-09-11,calculate_avg_wait_time,0.02,0.01,SWAP_ALL,timeout,,32505,34.13793103448276,,,,300
2021-04-09-6,calculate_avg_wait_time,0.02,0.01,SWAP_ALL,timeout,,32565,0,,,,300
2021-04-09-7,calculate_avg_wait_time,0.02,0.01,SWAP_ALL,empty,1,53805,21.11111111111111,54090,21.38888888888889,0,104.52873253822327
2021-04-09-7,calculate_avg_wait_time,0.02,0.01,SWAP_ALL,timeout,,53805,21.11111111111111,,,,300
2021-04-09-8,calculate_avg_wait_time,0.02,0.01,SWAP_ALL,empty,1,72045,48.81818181818182,72105,48.81818181818182,0,277.6952407360077
2021-04-09-8,calculate_avg_wait_time,0.02,0.01,SWAP_ALL,timeout,,72045,48.81818181818182,,,,300
2021-04-09-9,calculate_avg_wait_time,0.02,0.01,SWAP_ALL,timeout,,42630,20.48076923076923,,,,300
2021-04-05-10,calculate_avg_wait_time,0.02,0.01,SWAP_ALL_PROC,empty,1,64200,32.1,64200,32.1,0,0.014997243881225586
2021-04-05-10,calculate_avg_wait_time,0.02,0.01,SWAP_ALL_PROC,timeout,,64200,32.1,,,,300
2021-04-05-11,calculate_avg_wait_time,0.02,0.01,SWAP_ALL_PROC,timeout,,14700,1.7647058823529411,,,,300
2021-04-05-6,calculate_avg_wait_time,0.02,0.01,SWAP_ALL_PROC,timeout,,43380,21.666666666666668,,,,300
2021-04-05-7,calculate_avg_wait_time,0.02,0.01,SWAP_ALL_PROC,timeout,,52335,29.25,,,,300
2021-04-05-8,calculate_avg_wait_time,0.02,0.01,SWAP_ALL_PROC,timeout,,53725,55.3,,,,300
2021-04-05-9,calculate_avg_wait_time,0.02,0.01,SWAP_ALL_PROC,timeout,,48075,25.363636363636363,,,,300
2021-04-06-10,calculate_avg_wait_time,0.02,0.01,SWAP_ALL_PROC,empty,1,58560,39.183673469387756,58560,39.183673469387756,0,0.05099892616271973
2021-04-06-10,calculate_avg_wait_time,0.02,0.01,SWAP_ALL_PROC,timeout,,58560,39.183673469387756,,,,300
2021-04-06-11,calculate_avg_wait_time,0.02,0.01,SWAP_ALL_PROC,timeout,,30630,45.51724137931034,,,,300
2021-04-06-6,calculate_avg_wait_time,0.02,0.01,SWAP_ALL_PROC,timeout,,54690,12.5,,,,300
2021-04-06-7,calculate_avg_wait_time,0.02,0.01,SWAP_ALL_PROC,empty,1,74205,47.785714285714285,75105,47.785714285714285,0,218.72076106071472
2021-04-06-7,calculate_avg_wait_time,0.02,0.01,SWAP_ALL_PROC,timeout,,74205,47.785714285714285,,,,300
2021-04-06-8,calculate_avg_wait_time,0.02,0.01,SWAP_ALL_PROC,empty,1,83100,58.43283582089552,83100,58.43283582089552,0,0.04828524589538574
2021-04-06-8,calculate_avg_wait_time,0.02,0.01,SWAP_ALL_PROC,timeout,,83100,58.43283582089552,,,,300
2021-04-06-9,calculate_avg_wait_time,0.02,0.01,SWAP_ALL_PROC,empty,1,41820,21.6,42030,21.6,0,230.0138454437256
2021-04-06-9,calculate_avg_wait_time,0.02,0.01,SWAP_ALL_PROC,timeout,,41820,21.6,,,,300
2021-04-07-10,calculate_avg_wait_time,0.02,0.01,SWAP_ALL_PROC,timeout,,62760,23.048780487804876,,,,300
2021-04-07-11,calculate_avg_wait_time,0.02,0.01,SWAP_ALL_PROC,timeout,,26325,23.076923076923077,,,,300
2021-04-07-6,calculate_avg_wait_time,0.02,0.01,SWAP_ALL_PROC,empty,1,43950,11.666666666666666,43950,11.666666666666666,0,0.004999399185180664
2021-04-07-6,calculate_avg_wait_time,0.02,0.01,SWAP_ALL_PROC,timeout,,43950,11.666666666666666,,,,300
2021-04-07-7,calculate_avg_wait_time,0.02,0.01,SWAP_ALL_PROC,timeout,,57075,33.214285714285715,,,,300
2021-04-07-8,calculate_avg_wait_time,0.02,0.01,SWAP_ALL_PROC,empty,1,58110,36.09375,58110,36.09375,0,0.03099989891052246
2021-04-07-8,calculate_avg_wait_time,0.02,0.01,SWAP_ALL_PROC,timeout,,58110,36.09375,,,,300
2021-04-07-9,calculate_avg_wait_time,0.02,0.01,SWAP_ALL_PROC,empty,1,59310,31.296296296296298,59790,31.85185185185185,0,80.3323302268982
2021-04-07-9,calculate_avg_wait_time,0.02,0.01,SWAP_ALL_PROC,timeout,,59310,31.296296296296298,,,,300
2021-04-08-10,calculate_avg_wait_time,0.02,0.01,SWAP_ALL_PROC,empty,1,36840,7,36840,7,0,0.002149820327758789
2021-04-08-10,calculate_avg_wait_time,0.02,0.01,SWAP_ALL_PROC,timeout,,36840,7,,,,300
2021-04-08-11,calculate_avg_wait_time,0.02,0.01,SWAP_ALL_PROC,timeout,,18600,13.043478260869565,,,,300
2021-04-08-6,calculate_avg_wait_time,0.02,0.01,SWAP_ALL_PROC,timeout,,63420,28.085106382978722,,,,300
2021-04-08-7,calculate_avg_wait_time,0.02,0.01,SWAP_ALL_PROC,timeout,,63855,36.19047619047619,,,,300
2021-04-08-8,calculate_avg_wait_time,0.02,0.01,SWAP_ALL_PROC,timeout,,67275,35.55555555555556,,,,300
2021-04-08-9,calculate_avg_wait_time,0.02,0.01,SWAP_ALL_PROC,timeout,,65185,52.394366197183096,,,,300
2021-04-09-10,calculate_avg_wait_time,0.02,0.01,SWAP_ALL_PROC,empty,1,65100,35.1,65910,35.1,0,209.61664199829102
2021-04-09-10,calculate_avg_wait_time,0.02,0.01,SWAP_ALL_PROC,timeout,,65100,35.1,,,,300
2021-04-09-11,calculate_avg_wait_time,0.02,0.01,SWAP_ALL_PROC,timeout,,32505,34.13793103448276,,,,300
2021-04-09-6,calculate_avg_wait_time,0.02,0.01,SWAP_ALL_PROC,timeout,,32565,0,,,,300
2021-04-09-7,calculate_avg_wait_time,0.02,0.01,SWAP_ALL_PROC,empty,1,53805,21.11111111111111,54090,21.38888888888889,0,104.60354685783386
2021-04-09-7,calculate_avg_wait_time,0.02,0.01,SWAP_ALL_PROC,timeout,,53805,21.11111111111111,,,,300
2021-04-09-8,calculate_avg_wait_time,0.02,0.01,SWAP_ALL_PROC,empty,1,72045,48.81818181818182,72105,48.81818181818182,0,277.2594542503357
2021-04-09-8,calculate_avg_wait_time,0.02,0.01,SWAP_ALL_PROC,timeout,,72045,48.81818181818182,,,,300
2021-04-09-9,calculate_avg_wait_time,0.02,0.01,SWAP_ALL_PROC,timeout,,42630,20.48076923076923,,,,300
2021-04-05-10,calculate_avg_wait_time,0.02,0.01,PROCESSING_TIMES,empty,1,64200,32.1,64200,32.1,0,0.015020132064819336
2021-04-05-10,calculate_avg_wait_time,0.02,0.01,PROCESSING_TIMES,timeout,,64200,32.1,,,,300
2021-04-05-11,calculate_avg_wait_time,0.02,0.01,PROCESSING_TIMES,timeout,,14700,1.7647058823529411,,,,300
2021-04-05-6,calculate_avg_wait_time,0.02,0.01,PROCESSING_TIMES,timeout,,43380,21.666666666666668,,,,300
2021-04-05-7,calculate_avg_wait_time,0.02,0.01,PROCESSING_TIMES,timeout,,52335,29.25,,,,300
2021-04-05-8,calculate_avg_wait_time,0.02,0.01,PROCESSING_TIMES,timeout,,53725,55.3,,,,300
2021-04-05-9,calculate_avg_wait_time,0.02,0.01,PROCESSING_TIMES,timeout,,48075,25.363636363636363,,,,300
2021-04-06-10,calculate_avg_wait_time,0.02,0.01,PROCESSING_TIMES,empty,1,58560,39.183673469387756,58560,39.183673469387756,0,0.056000709533691406
2021-04-06-10,calculate_avg_wait_time,0.02,0.01,PROCESSING_TIMES,timeout,,58560,39.183673469387756,,,,300
2021-04-06-11,calculate_avg_wait_time,0.02,0.01,PROCESSING_TIMES,timeout,,30630,45.51724137931034,,,,300
2021-04-06-6,calculate_avg_wait_time,0.02,0.01,PROCESSING_TIMES,timeout,,54690,12.5,,,,300
2021-04-06-7,calculate_avg_wait_time,0.02,0.01,PROCESSING_TIMES,timeout,,74205,47.785714285714285,,,,300
2021-04-06-8,calculate_avg_wait_time,0.02,0.01,PROCESSING_TIMES,empty,1,83100,58.43283582089552,83100,58.43283582089552,0,0.03817248344421387
2021-04-06-8,calculate_avg_wait_time,0.02,0.01,PROCESSING_TIMES,timeout,,83100,58.43283582089552,,,,300
2021-04-06-9,calculate_avg_wait_time,0.02,0.01,PROCESSING_TIMES,timeout,,41820,21.6,,,,300
2021-04-07-10,calculate_avg_wait_time,0.02,0.01,PROCESSING_TIMES,timeout,,62760,23.048780487804876,,,,300
2021-04-07-11,calculate_avg_wait_time,0.02,0.01,PROCESSING_TIMES,timeout,,26325,23.076923076923077,,,,300
2021-04-07-6,calculate_avg_wait_time,0.02,0.01,PROCESSING_TIMES,empty,1,43950,11.666666666666666,43950,11.666666666666666,0,0.004999399185180664
2021-04-07-6,calculate_avg_wait_time,0.02,0.01,PROCESSING_TIMES,timeout,,43950,11.666666666666666,,,,300
2021-04-07-7,calculate_avg_wait_time,0.02,0.01,PROCESSING_TIMES,timeout,,57075,33.214285714285715,,,,300
2021-04-07-8,calculate_avg_wait_time,0.02,0.01,PROCESSING_TIMES,empty,1,58110,36.09375,58110,36.09375,0,0.06331968307495117
2021-04-07-8,calculate_avg_wait_time,0.02,0.01,PROCESSING_TIMES,timeout,,58110,36.09375,,,,300
2021-04-07-9,calculate_avg_wait_time,0.02,0.01,PROCESSING_TIMES,timeout,,59310,31.296296296296298,,,,300
2021-04-08-10,calculate_avg_wait_time,0.02,0.01,PROCESSING_TIMES,empty,1,36840,7,36840,7,0,0.002149820327758789
2021-04-08-10,calculate_avg_wait_time,0.02,0.01,PROCESSING_TIMES,timeout,,36840,7,,,,300
2021-04-08-11,calculate_avg_wait_time,0.02,0.01,PROCESSING_TIMES,timeout,,18600,13.043478260869565,,,,300
2021-04-08-6,calculate_avg_wait_time,0.02,0.01,PROCESSING_TIMES,timeout,,63420,28.085106382978722,,,,300
2021-04-08-7,calculate_avg_wait_time,0.02,0.01,PROCESSING_TIMES,timeout,,63855,36.19047619047619,,,,300
2021-04-08-8,calculate_avg_wait_time,0.02,0.01,PROCESSING_TIMES,timeout,,67275,35.55555555555556,,,,300
2021-04-08-9,calculate_avg_wait_time,0.02,0.01,PROCESSING_TIMES,timeout,,65185,52.394366197183096,,,,300
2021-04-09-10,calculate_avg_wait_time,0.02,0.01,PROCESSING_TIMES,timeout,,65100,35.1,,,,300
2021-04-09-11,calculate_avg_wait_time,0.02,0.01,PROCESSING_TIMES,timeout,,32505,34.13793103448276,,,,300
2021-04-09-6,calculate_avg_wait_time,0.02,0.01,PROCESSING_TIMES,timeout,,32565,0,,,,300
2021-04-09-7,calculate_avg_wait_time,0.02,0.01,PROCESSING_TIMES,timeout,,53805,21.11111111111111,,,,300
2021-04-09-8,calculate_avg_wait_time,0.02,0.01,PROCESSING_TIMES,timeout,,72045,48.81818181818182,,,,300
2021-04-09-9,calculate_avg_wait_time,0.02,0.01,PROCESSING_TIMES,timeout,,42630,20.48076923076923,,,,300
2021-04-05-10,calculate_avg_wait_time,0.02,0.5,MOVE,empty,1,64200,32.1,64200,32.1,0,0.008526802062988281
2021-04-05-10,calculate_avg_wait_time,0.02,0.5,MOVE,timeout,,64200,32.1,,,,300
2021-04-05-11,calculate_avg_wait_time,0.02,0.5,MOVE,timeout,,14700,1.7647058823529411,,,,300
2021-04-05-6,calculate_avg_wait_time,0.02,0.5,MOVE,empty,1,43380,21.666666666666668,43425,22,0,134.02216482162476
2021-04-05-6,calculate_avg_wait_time,0.02,0.5,MOVE,timeout,,43380,21.666666666666668,,,,300
2021-04-05-7,calculate_avg_wait_time,0.02,0.5,MOVE,empty,1,52335,29.25,52665,29.75,0,249.6465404033661
2021-04-05-7,calculate_avg_wait_time,0.02,0.5,MOVE,timeout,,52335,29.25,,,,300
2021-04-05-8,calculate_avg_wait_time,0.02,0.5,MOVE,empty,1,53725,55.3,53755,55.4,0,118.4695155620575
2021-04-05-8,calculate_avg_wait_time,0.02,0.5,MOVE,timeout,,53725,55.3,,,,300
2021-04-05-9,calculate_avg_wait_time,0.02,0.5,MOVE,empty,1,48075,25.363636363636363,48225,25.636363636363637,0,195.8475956916809
2021-04-05-9,calculate_avg_wait_time,0.02,0.5,MOVE,timeout,,48075,25.363636363636363,,,,300
2021-04-06-10,calculate_avg_wait_time,0.02,0.5,MOVE,empty,1,58560,39.183673469387756,58560,39.183673469387756,0,0.02901172637939453
2021-04-06-10,calculate_avg_wait_time,0.02,0.5,MOVE,timeout,,58560,39.183673469387756,,,,300
2021-04-06-11,calculate_avg_wait_time,0.02,0.5,MOVE,empty,1,30630,45.51724137931034,30660,46.03448275862069,0,108.35529017448425
2021-04-06-11,calculate_avg_wait_time,0.02,0.5,MOVE,timeout,,30630,45.51724137931034,,,,300
2021-04-06-6,calculate_avg_wait_time,0.02,0.5,MOVE,timeout,,54690,12.5,,,,300
2021-04-06-7,calculate_avg_wait_time,0.02,0.5,MOVE,empty,1,74205,47.785714285714285,74820,48.642857142857146,0,284.7089755535126
2021-04-06-7,calculate_avg_wait_time,0.02,0.5,MOVE,timeout,,74205,47.785714285714285,,,,300
2021-04-06-8,calculate_avg_wait_time,0.02,0.5,MOVE,empty,1,83100,58.43283582089552,83100,58.43283582089552,0,0.07199907302856445
2021-04-06-8,calculate_avg_wait_time,0.02,0.5,MOVE,timeout,,83100,58.43283582089552,,,,300
2021-04-06-9,calculate_avg_wait_time,0.02,0.5,MOVE,empty,1,41820,21.6,41835,21.9,0,128.61735439300537
2021-04-06-9,calculate_avg_wait_time,0.02,0.5,MOVE,timeout,,41820,21.6,,,,300
2021-04-07-10,calculate_avg_wait_time,0.02,0.5,MOVE,timeout,,62760,23.048780487804876,,,,300
2021-04-07-11,calculate_avg_wait_time,0.02,0.5,MOVE,timeout,,26325,23.076923076923077,,,,300
2021-04-07-6,calculate_avg_wait_time,0.02,0.5,MOVE,empty,1,43950,11.666666666666666,43950,11.666666666666666,0,0.006011486053466797
2021-04-07-6,calculate_avg_wait_time,0.02,0.5,MOVE,timeout,,43950,11.666666666666666,,,,300
2021-04-07-7,calculate_avg_wait_time,0.02,0.5,MOVE,timeout,,57075,33.214285714285715,,,,300
2021-04-07-8,calculate_avg_wait_time,0.02,0.5,MOVE,empty,1,58110,36.09375,58110,36.09375,0,0.042179107666015625
2021-04-07-8,calculate_avg_wait_time,0.02,0.5,MOVE,timeout,,58110,36.09375,,,,300
2021-04-07-9,calculate_avg_wait_time,0.02,0.5,MOVE,empty,1,59310,31.296296296296298,59790,31.85185185185185,0,83.3810567855835
2021-04-07-9,calculate_avg_wait_time,0.02,0.5,MOVE,timeout,,59310,31.296296296296298,,,,300
2021-04-08-10,calculate_avg_wait_time,0.02,0.5,MOVE,empty,1,36840,7,36840,7,0,0.005999088287353516
2021-04-08-10,calculate_avg_wait_time,0.02,0.5,MOVE,timeout,,36840,7,,,,300
2021-04-08-11,calculate_avg_wait_time,0.02,0.5,MOVE,timeout,,18600,13.043478260869565,,,,300
2021-04-08-6,calculate_avg_wait_time,0.02,0.5,MOVE,timeout,,63420,28.085106382978722,,,,300
2021-04-08-7,calculate_avg_wait_time,0.02,0.5,MOVE,empty,1,63855,36.19047619047619,64035,36.666666666666664,0,237.56073904037476
2021-04-08-7,calculate_avg_wait_time,0.02,0.5,MOVE,timeout,,63855,36.19047619047619,,,,300
2021-04-08-8,calculate_avg_wait_time,0.02,0.5,MOVE,empty,1,67275,35.55555555555556,67365,35.833333333333336,0,110.34170603752136
2021-04-08-8,calculate_avg_wait_time,0.02,0.5,MOVE,timeout,,67275,35.55555555555556,,,,300
2021-04-08-9,calculate_avg_wait_time,0.02,0.5,MOVE,timeout,,65185,52.394366197183096,,,,300
2021-04-09-10,calculate_avg_wait_time,0.02,0.5,MOVE,timeout,,65100,35.1,,,,300
2021-04-09-11,calculate_avg_wait_time,0.02,0.5,MOVE,empty,1,32505,34.13793103448276,32625,34.6551724137931,0,97.01626968383789
2021-04-09-11,calculate_avg_wait_time,0.02,0.5,MOVE,timeout,,32505,34.13793103448276,,,,300
2021-04-09-6,calculate_avg_wait_time,0.02,0.5,MOVE,timeout,,32565,0,,,,300
2021-04-09-7,calculate_avg_wait_time,0.02,0.5,MOVE,empty,1,53805,21.11111111111111,54090,21.38888888888889,0,102.51716780662537
2021-04-09-7,calculate_avg_wait_time,0.02,0.5,MOVE,timeout,,53805,21.11111111111111,,,,300
2021-04-09-8,calculate_avg_wait_time,0.02,0.5,MOVE,empty,1,72045,48.81818181818182,72180,49.09090909090909,0,97.61407375335693
2021-04-09-8,calculate_avg_wait_time,0.02,0.5,MOVE,timeout,,72045,48.81818181818182,,,,300
2021-04-09-9,calculate_avg_wait_time,0.02,0.5,MOVE,empty,1,42630,20.48076923076923,42780,20.48076923076923,0,98.46122407913208
2021-04-09-9,calculate_avg_wait_time,0.02,0.5,MOVE,timeout,,42630,20.48076923076923,,,,300
2021-04-05-10,calculate_avg_wait_time,0.02,0.5,MOVE_PROC,empty,1,64200,32.1,64200,32.1,0,0.008526802062988281
2021-04-05-10,calculate_avg_wait_time,0.02,0.5,MOVE_PROC,timeout,,64200,32.1,,,,300
2021-04-05-11,calculate_avg_wait_time,0.02,0.5,MOVE_PROC,timeout,,14700,1.7647058823529411,,,,300
2021-04-05-6,calculate_avg_wait_time,0.02,0.5,MOVE_PROC,empty,1,43380,21.666666666666668,43425,22,0,161.61421489715576
2021-04-05-6,calculate_avg_wait_time,0.02,0.5,MOVE_PROC,timeout,,43380,21.666666666666668,,,,300
2021-04-05-7,calculate_avg_wait_time,0.02,0.5,MOVE_PROC,empty,1,52335,29.25,52665,29.75,0,248.14873576164246
2021-04-05-7,calculate_avg_wait_time,0.02,0.5,MOVE_PROC,timeout,,52335,29.25,,,,300
2021-04-05-8,calculate_avg_wait_time,0.02,0.5,MOVE_PROC,empty,1,53725,55.3,53755,55.4,0,120.166250705719
2021-04-05-8,calculate_avg_wait_time,0.02,0.5,MOVE_PROC,timeout,,53725,55.3,,,,300
2021-04-05-9,calculate_avg_wait_time,0.02,0.5,MOVE_PROC,timeout,,48075,25.363636363636363,,,,300
2021-04-06-10,calculate_avg_wait_time,0.02,0.5,MOVE_PROC,empty,1,58560,39.183673469387756,58560,39.183673469387756,0,0.043999671936035156
2021-04-06-10,calculate_avg_wait_time,0.02,0.5,MOVE_PROC,timeout,,58560,39.183673469387756,,,,300
2021-04-06-11,calculate_avg_wait_time,0.02,0.5,MOVE_PROC,empty,1,30630,45.51724137931034,30660,46.03448275862069,0,108.82932424545288
2021-04-06-11,calculate_avg_wait_time,0.02,0.5,MOVE_PROC,timeout,,30630,45.51724137931034,,,,300
2021-04-06-6,calculate_avg_wait_time,0.02,0.5,MOVE_PROC,timeout,,54690,12.5,,,,300
2021-04-06-7,calculate_avg_wait_time,0.02,0.5,MOVE_PROC,empty,1,74205,47.785714285714285,74820,48.642857142857146,0,286.5685887336731
2021-04-06-7,calculate_avg_wait_time,0.02,0.5,MOVE_PROC,timeout,,74205,47.785714285714285,,,,300
2021-04-06-8,calculate_avg_wait_time,0.02,0.5,MOVE_PROC,empty,1,83100,58.43283582089552,83100,58.43283582089552,0,0.03200840950012207
2021-04-06-8,calculate_avg_wait_time,0.02,0.5,MOVE_PROC,timeout,,83100,58.43283582089552,,,,300
2021-04-06-9,calculate_avg_wait_time,0.02,0.5,MOVE_PROC,empty,1,41820,21.6,41835,21.9,0,129.35792136192322
2021-04-06-9,calculate_avg_wait_time,0.02,0.5,MOVE_PROC,timeout,,41820,21.6,,,,300
2021-04-07-10,calculate_avg_wait_time,0.02,0.5,MOVE_PROC,timeout,,62760,23.048780487804876,,,,300
2021-04-07-11,calculate_avg_wait_time,0.02,0.5,MOVE_PROC,timeout,,26325,23.076923076923077,,,,300
2021-04-07-6,calculate_avg_wait_time,0.02,0.5,MOVE_PROC,empty,1,43950,11.666666666666666,43950,11.666666666666666,0,0.006127357482910156
2021-04-07-6,calculate_avg_wait_time,0.02,0.5,MOVE_PROC,timeout,,43950,11.666666666666666,,,,300
2021-04-07-7,calculate_avg_wait_time,0.02,0.5,MOVE_PROC,timeout,,57075,33.214285714285715,,,,300
2021-04-07-8,calculate_avg_wait_time,0.02,0.5,MOVE_PROC,empty,1,58110,36.09375,58110,36.09375,0,0.07635974884033203
2021-04-07-8,calculate_avg_wait_time,0.02,0.5,MOVE_PROC,timeout,,58110,36.09375,,,,300
2021-04-07-9,calculate_avg_wait_time,0.02,0.5,MOVE_PROC,empty,1,59310,31.296296296296298,59790,31.85185185185185,0,83.29014945030212
2021-04-07-9,calculate_avg_wait_time,0.02,0.5,MOVE_PROC,timeout,,59310,31.296296296296298,,,,300
2021-04-08-10,calculate_avg_wait_time,0.02,0.5,MOVE_PROC,empty,1,36840,7,36840,7,0,0.002068042755126953
2021-04-08-10,calculate_avg_wait_time,0.02,0.5,MOVE_PROC,timeout,,36840,7,,,,300
2021-04-08-11,calculate_avg_wait_time,0.02,0.5,MOVE_PROC,timeout,,18600,13.043478260869565,,,,300
2021-04-08-6,calculate_avg_wait_time,0.02,0.5,MOVE_PROC,timeout,,63420,28.085106382978722,,,,300
2021-04-08-7,calculate_avg_wait_time,0.02,0.5,MOVE_PROC,empty,1,63855,36.19047619047619,64035,36.666666666666664,0,238.3315930366516
2021-04-08-7,calculate_avg_wait_time,0.02,0.5,MOVE_PROC,timeout,,63855,36.19047619047619,,,,300
2021-04-08-8,calculate_avg_wait_time,0.02,0.5,MOVE_PROC,empty,1,67275,35.55555555555556,67275,35.55555555555556,0,101.38068294525146
2021-04-08-8,calculate_avg_wait_time,0.02,0.5,MOVE_PROC,timeout,,67275,35.55555555555556,,,,300
2021-04-08-9,calculate_avg_wait_time,0.02,0.5,MOVE_PROC,timeout,,65185,52.394366197183096,,,,300
2021-04-09-10,calculate_avg_wait_time,0.02,0.5,MOVE_PROC,timeout,,65100,35.1,,,,300
2021-04-09-11,calculate_avg_wait_time,0.02,0.5,MOVE_PROC,empty,1,32505,34.13793103448276,32625,34.6551724137931,0,97.04833245277405
2021-04-09-11,calculate_avg_wait_time,0.02,0.5,MOVE_PROC,timeout,,32505,34.13793103448276,,,,300
2021-04-09-6,calculate_avg_wait_time,0.02,0.5,MOVE_PROC,timeout,,32565,0,,,,300
2021-04-09-7,calculate_avg_wait_time,0.02,0.5,MOVE_PROC,empty,1,53805,21.11111111111111,54090,21.38888888888889,0,101.97028946876526
2021-04-09-7,calculate_avg_wait_time,0.02,0.5,MOVE_PROC,timeout,,53805,21.11111111111111,,,,300
2021-04-09-8,calculate_avg_wait_time,0.02,0.5,MOVE_PROC,empty,1,72045,48.81818181818182,72180,49.09090909090909,0,98.48904514312744
2021-04-09-8,calculate_avg_wait_time,0.02,0.5,MOVE_PROC,timeout,,72045,48.81818181818182,,,,300
2021-04-09-9,calculate_avg_wait_time,0.02,0.5,MOVE_PROC,empty,1,42630,20.48076923076923,42780,20.48076923076923,0,99.18548512458801
2021-04-09-9,calculate_avg_wait_time,0.02,0.5,MOVE_PROC,timeout,,42630,20.48076923076923,,,,300
2021-04-05-10,calculate_avg_wait_time,0.02,0.5,SWAP_ALL,empty,1,64200,32.1,64200,32.1,0,0.008095741271972656
2021-04-05-10,calculate_avg_wait_time,0.02,0.5,SWAP_ALL,timeout,,64200,32.1,,,,300
2021-04-05-11,calculate_avg_wait_time,0.02,0.5,SWAP_ALL,timeout,,14700,1.7647058823529411,,,,300
2021-04-05-6,calculate_avg_wait_time,0.02,0.5,SWAP_ALL,timeout,,43380,21.666666666666668,,,,300
2021-04-05-7,calculate_avg_wait_time,0.02,0.5,SWAP_ALL,timeout,,52335,29.25,,,,300
2021-04-05-8,calculate_avg_wait_time,0.02,0.5,SWAP_ALL,timeout,,53725,55.3,,,,300
2021-04-05-9,calculate_avg_wait_time,0.02,0.5,SWAP_ALL,timeout,,48075,25.363636363636363,,,,300
2021-04-06-10,calculate_avg_wait_time,0.02,0.5,SWAP_ALL,empty,1,58560,39.183673469387756,58560,39.183673469387756,0,0.05200314521789551
2021-04-06-10,calculate_avg_wait_time,0.02,0.5,SWAP_ALL,timeout,,58560,39.183673469387756,,,,300
2021-04-06-11,calculate_avg_wait_time,0.02,0.5,SWAP_ALL,timeout,,30630,45.51724137931034,,,,300
2021-04-06-6,calculate_avg_wait_time,0.02,0.5,SWAP_ALL,timeout,,54690,12.5,,,,300
2021-04-06-7,calculate_avg_wait_time,0.02,0.5,SWAP_ALL,empty,1,74205,47.785714285714285,75105,47.785714285714285,0,231.1004524230957
2021-04-06-7,calculate_avg_wait_time,0.02,0.5,SWAP_ALL,timeout,,74205,47.785714285714285,,,,300
2021-04-06-8,calculate_avg_wait_time,0.02,0.5,SWAP_ALL,empty,1,83100,58.43283582089552,83100,58.43283582089552,0,0.03200840950012207
2021-04-06-8,calculate_avg_wait_time,0.02,0.5,SWAP_ALL,timeout,,83100,58.43283582089552,,,,300
2021-04-06-9,calculate_avg_wait_time,0.02,0.5,SWAP_ALL,empty,1,41820,21.6,42030,21.6,0,237.24790287017822
2021-04-06-9,calculate_avg_wait_time,0.02,0.5,SWAP_ALL,timeout,,41820,21.6,,,,300
2021-04-07-10,calculate_avg_wait_time,0.02,0.5,SWAP_ALL,timeout,,62760,23.048780487804876,,,,300
2021-04-07-11,calculate_avg_wait_time,0.02,0.5,SWAP_ALL,timeout,,26325,23.076923076923077,,,,300
2021-04-07-6,calculate_avg_wait_time,0.02,0.5,SWAP_ALL,empty,1,43950,11.666666666666666,43950,11.666666666666666,0,0.0060882568359375
2021-04-07-6,calculate_avg_wait_time,0.02,0.5,SWAP_ALL,timeout,,43950,11.666666666666666,,,,300
2021-04-07-7,calculate_avg_wait_time,0.02,0.5,SWAP_ALL,timeout,,57075,33.214285714285715,,,,300
2021-04-07-8,calculate_avg_wait_time,0.02,0.5,SWAP_ALL,empty,1,58110,36.09375,58110,36.09375,0,0.034605979919433594
2021-04-07-8,calculate_avg_wait_time,0.02,0.5,SWAP_ALL,timeout,,58110,36.09375,,,,300
2021-04-07-9,calculate_avg_wait_time,0.02,0.5,SWAP_ALL,empty,1,59310,31.296296296296298,59790,31.85185185185185,0,78.7352147102356
2021-04-07-9,calculate_avg_wait_time,0.02,0.5,SWAP_ALL,timeout,,59310,31.296296296296298,,,,300
2021-04-08-10,calculate_avg_wait_time,0.02,0.5,SWAP_ALL,empty,1,36840,7,36840,7,0,0.002963542938232422
2021-04-08-10,calculate_avg_wait_time,0.02,0.5,SWAP_ALL,timeout,,36840,7,,,,300
2021-04-08-11,calculate_avg_wait_time,0.02,0.5,SWAP_ALL,timeout,,18600,13.043478260869565,,,,300
2021-04-08-6,calculate_avg_wait_time,0.02,0.5,SWAP_ALL,timeout,,63420,28.085106382978722,,,,300
2021-04-08-7,calculate_avg_wait_time,0.02,0.5,SWAP_ALL,timeout,,63855,36.19047619047619,,,,300
2021-04-08-8,calculate_avg_wait_time,0.02,0.5,SWAP_ALL,timeout,,67275,35.55555555555556,,,,300
2021-04-08-9,calculate_avg_wait_time,0.02,0.5,SWAP_ALL,timeout,,65185,52.394366197183096,,,,300
2021-04-09-10,calculate_avg_wait_time,0.02,0.5,SWAP_ALL,empty,1,65100,35.1,65910,35.1,0,207.66755843162537
2021-04-09-10,calculate_avg_wait_time,0.02,0.5,SWAP_ALL,timeout,,65100,35.1,,,,300
2021-04-09-11,calculate_avg_wait_time,0.02,0.5,SWAP_ALL,timeout,,32505,34.13793103448276,,,,300
2021-04-09-6,calculate_avg_wait_time,0.02,0.5,SWAP_ALL,timeout,,32565,0,,,,300
2021-04-09-7,calculate_avg_wait_time,0.02,0.5,SWAP_ALL,empty,1,53805,21.11111111111111,54090,21.38888888888889,0,99.77096247673035
2021-04-09-7,calculate_avg_wait_time,0.02,0.5,SWAP_ALL,timeout,,53805,21.11111111111111,,,,300
2021-04-09-8,calculate_avg_wait_time,0.02,0.5,SWAP_ALL,empty,1,72045,48.81818181818182,72045,48.81818181818182,0,276.6936819553375
2021-04-09-8,calculate_avg_wait_time,0.02,0.5,SWAP_ALL,timeout,,72045,48.81818181818182,,,,300
2021-04-09-9,calculate_avg_wait_time,0.02,0.5,SWAP_ALL,timeout,,42630,20.48076923076923,,,,300
2021-04-05-10,calculate_avg_wait_time,0.02,0.5,SWAP_ALL_PROC,empty,1,64200,32.1,64200,32.1,0,0.017999887466430664
2021-04-05-10,calculate_avg_wait_time,0.02,0.5,SWAP_ALL_PROC,timeout,,64200,32.1,,,,300
2021-04-05-11,calculate_avg_wait_time,0.02,0.5,SWAP_ALL_PROC,timeout,,14700,1.7647058823529411,,,,300
2021-04-05-6,calculate_avg_wait_time,0.02,0.5,SWAP_ALL_PROC,timeout,,43380,21.666666666666668,,,,300
2021-04-05-7,calculate_avg_wait_time,0.02,0.5,SWAP_ALL_PROC,timeout,,52335,29.25,,,,300
2021-04-05-8,calculate_avg_wait_time,0.02,0.5,SWAP_ALL_PROC,timeout,,53725,55.3,,,,300
2021-04-05-9,calculate_avg_wait_time,0.02,0.5,SWAP_ALL_PROC,timeout,,48075,25.363636363636363,,,,300
2021-04-06-10,calculate_avg_wait_time,0.02,0.5,SWAP_ALL_PROC,empty,1,58560,39.183673469387756,58560,39.183673469387756,0,0.0409998893737793
2021-04-06-10,calculate_avg_wait_time,0.02,0.5,SWAP_ALL_PROC,timeout,,58560,39.183673469387756,,,,300
2021-04-06-11,calculate_avg_wait_time,0.02,0.5,SWAP_ALL_PROC,timeout,,30630,45.51724137931034,,,,300
2021-04-06-6,calculate_avg_wait_time,0.02,0.5,SWAP_ALL_PROC,timeout,,54690,12.5,,,,300
2021-04-06-7,calculate_avg_wait_time,0.02,0.5,SWAP_ALL_PROC,empty,1,74205,47.785714285714285,75105,47.785714285714285,0,229.83596777915955
2021-04-06-7,calculate_avg_wait_time,0.02,0.5,SWAP_ALL_PROC,timeout,,74205,47.785714285714285,,,,300
2021-04-06-8,calculate_avg_wait_time,0.02,0.5,SWAP_ALL_PROC,empty,1,83100,58.43283582089552,83100,58.43283582089552,0,0.023767948150634766
2021-04-06-8,calculate_avg_wait_time,0.02,0.5,SWAP_ALL_PROC,timeout,,83100,58.43283582089552,,,,300
2021-04-06-9,calculate_avg_wait_time,0.02,0.5,SWAP_ALL_PROC,empty,1,41820,21.6,42030,21.6,0,237.5418906211853
2021-04-06-9,calculate_avg_wait_time,0.02,0.5,SWAP_ALL_PROC,timeout,,41820,21.6,,,,300
2021-04-07-10,calculate_avg_wait_time,0.02,0.5,SWAP_ALL_PROC,timeout,,62760,23.048780487804876,,,,300
2021-04-07-11,calculate_avg_wait_time,0.02,0.5,SWAP_ALL_PROC,timeout,,26325,23.076923076923077,,,,300
2021-04-07-6,calculate_avg_wait_time,0.02,0.5,SWAP_ALL_PROC,empty,1,43950,11.666666666666666,43950,11.666666666666666,0,0.00599980354309082
2021-04-07-6,calculate_avg_wait_time,0.02,0.5,SWAP_ALL_PROC,timeout,,43950,11.666666666666666,,,,300
2021-04-07-7,calculate_avg_wait_time,0.02,0.5,SWAP_ALL_PROC,timeout,,57075,33.214285714285715,,,,300
2021-04-07-8,calculate_avg_wait_time,0.02,0.5,SWAP_ALL_PROC,empty,1,58110,36.09375,58110,36.09375,0,0.02835226058959961
2021-04-07-8,calculate_avg_wait_time,0.02,0.5,SWAP_ALL_PROC,timeout,,58110,36.09375,,,,300
2021-04-07-9,calculate_avg_wait_time,0.02,0.5,SWAP_ALL_PROC,empty,1,59310,31.296296296296298,59790,31.85185185185185,0,79.27069044113159
2021-04-07-9,calculate_avg_wait_time,0.02,0.5,SWAP_ALL_PROC,timeout,,59310,31.296296296296298,,,,300
2021-04-08-10,calculate_avg_wait_time,0.02,0.5,SWAP_ALL_PROC,empty,1,36840,7,36840,7,0,0.003005504608154297
2021-04-08-10,calculate_avg_wait_time,0.02,0.5,SWAP_ALL_PROC,timeout,,36840,7,,,,300
2021-04-08-11,calculate_avg_wait_time,0.02,0.5,SWAP_ALL_PROC,timeout,,18600,13.043478260869565,,,,300
2021-04-08-6,calculate_avg_wait_time,0.02,0.5,SWAP_ALL_PROC,timeout,,63420,28.085106382978722,,,,300
2021-04-08-7,calculate_avg_wait_time,0.02,0.5,SWAP_ALL_PROC,timeout,,63855,36.19047619047619,,,,300
2021-04-08-8,calculate_avg_wait_time,0.02,0.5,SWAP_ALL_PROC,timeout,,67275,35.55555555555556,,,,300
2021-04-08-9,calculate_avg_wait_time,0.02,0.5,SWAP_ALL_PROC,timeout,,65185,52.394366197183096,,,,300
2021-04-09-10,calculate_avg_wait_time,0.02,0.5,SWAP_ALL_PROC,empty,1,65100,35.1,65910,35.1,0,207.95446372032166
2021-04-09-10,calculate_avg_wait_time,0.02,0.5,SWAP_ALL_PROC,timeout,,65100,35.1,,,,300
2021-04-09-11,calculate_avg_wait_time,0.02,0.5,SWAP_ALL_PROC,timeout,,32505,34.13793103448276,,,,300
2021-04-09-6,calculate_avg_wait_time,0.02,0.5,SWAP_ALL_PROC,timeout,,32565,0,,,,300
2021-04-09-7,calculate_avg_wait_time,0.02,0.5,SWAP_ALL_PROC,empty,1,53805,21.11111111111111,54090,21.38888888888889,0,99.61742305755615
2021-04-09-7,calculate_avg_wait_time,0.02,0.5,SWAP_ALL_PROC,timeout,,53805,21.11111111111111,,,,300
2021-04-09-8,calculate_avg_wait_time,0.02,0.5,SWAP_ALL_PROC,empty,1,72045,48.81818181818182,72105,48.81818181818182,0,278.7604901790619
2021-04-09-8,calculate_avg_wait_time,0.02,0.5,SWAP_ALL_PROC,timeout,,72045,48.81818181818182,,,,300
2021-04-09-9,calculate_avg_wait_time,0.02,0.5,SWAP_ALL_PROC,timeout,,42630,20.48076923076923,,,,300
2021-04-05-10,calculate_avg_wait_time,0.02,0.5,PROCESSING_TIMES,empty,1,64200,32.1,64200,32.1,0,0.02009868621826172
2021-04-05-10,calculate_avg_wait_time,0.02,0.5,PROCESSING_TIMES,timeout,,64200,32.1,,,,300
2021-04-05-11,calculate_avg_wait_time,0.02,0.5,PROCESSING_TIMES,timeout,,14700,1.7647058823529411,,,,300
2021-04-05-6,calculate_avg_wait_time,0.02,0.5,PROCESSING_TIMES,timeout,,43380,21.666666666666668,,,,300
2021-04-05-7,calculate_avg_wait_time,0.02,0.5,PROCESSING_TIMES,timeout,,52335,29.25,,,,300
2021-04-05-8,calculate_avg_wait_time,0.02,0.5,PROCESSING_TIMES,timeout,,53725,55.3,,,,300
2021-04-05-9,calculate_avg_wait_time,0.02,0.5,PROCESSING_TIMES,timeout,,48075,25.363636363636363,,,,300
2021-04-06-10,calculate_avg_wait_time,0.02,0.5,PROCESSING_TIMES,empty,1,58560,39.183673469387756,58560,39.183673469387756,0,0.03999948501586914
2021-04-06-10,calculate_avg_wait_time,0.02,0.5,PROCESSING_TIMES,timeout,,58560,39.183673469387756,,,,300
2021-04-06-11,calculate_avg_wait_time,0.02,0.5,PROCESSING_TIMES,timeout,,30630,45.51724137931034,,,,300
2021-04-06-6,calculate_avg_wait_time,0.02,0.5,PROCESSING_TIMES,timeout,,54690,12.5,,,,300
2021-04-06-7,calculate_avg_wait_time,0.02,0.5,PROCESSING_TIMES,timeout,,74205,47.785714285714285,,,,300
2021-04-06-8,calculate_avg_wait_time,0.02,0.5,PROCESSING_TIMES,empty,1,83100,58.43283582089552,83100,58.43283582089552,0,0.04799795150756836
2021-04-06-8,calculate_avg_wait_time,0.02,0.5,PROCESSING_TIMES,timeout,,83100,58.43283582089552,,,,300
2021-04-06-9,calculate_avg_wait_time,0.02,0.5,PROCESSING_TIMES,timeout,,41820,21.6,,,,300
2021-04-07-10,calculate_avg_wait_time,0.02,0.5,PROCESSING_TIMES,timeout,,62760,23.048780487804876,,,,300
2021-04-07-11,calculate_avg_wait_time,0.02,0.5,PROCESSING_TIMES,timeout,,26325,23.076923076923077,,,,300
2021-04-07-6,calculate_avg_wait_time,0.02,0.5,PROCESSING_TIMES,empty,1,43950,11.666666666666666,43950,11.666666666666666,0,0.0060002803802490234
2021-04-07-6,calculate_avg_wait_time,0.02,0.5,PROCESSING_TIMES,timeout,,43950,11.666666666666666,,,,300
2021-04-07-7,calculate_avg_wait_time,0.02,0.5,PROCESSING_TIMES,timeout,,57075,33.214285714285715,,,,300
2021-04-07-8,calculate_avg_wait_time,0.02,0.5,PROCESSING_TIMES,empty,1,58110,36.09375,58110,36.09375,0,0.032887935638427734
2021-04-07-8,calculate_avg_wait_time,0.02,0.5,PROCESSING_TIMES,timeout,,58110,36.09375,,,,300
2021-04-07-9,calculate_avg_wait_time,0.02,0.5,PROCESSING_TIMES,timeout,,59310,31.296296296296298,,,,300
2021-04-08-10,calculate_avg_wait_time,0.02,0.5,PROCESSING_TIMES,empty,1,36840,7,36840,7,0,0.0029947757720947266
2021-04-08-10,calculate_avg_wait_time,0.02,0.5,PROCESSING_TIMES,timeout,,36840,7,,,,300
2021-04-08-11,calculate_avg_wait_time,0.02,0.5,PROCESSING_TIMES,timeout,,18600,13.043478260869565,,,,300
2021-04-08-6,calculate_avg_wait_time,0.02,0.5,PROCESSING_TIMES,timeout,,63420,28.085106382978722,,,,300
2021-04-08-7,calculate_avg_wait_time,0.02,0.5,PROCESSING_TIMES,timeout,,63855,36.19047619047619,,,,300
2021-04-08-8,calculate_avg_wait_time,0.02,0.5,PROCESSING_TIMES,timeout,,67275,35.55555555555556,,,,300
2021-04-08-9,calculate_avg_wait_time,0.02,0.5,PROCESSING_TIMES,timeout,,65185,52.394366197183096,,,,300
2021-04-09-10,calculate_avg_wait_time,0.02,0.5,PROCESSING_TIMES,timeout,,65100,35.1,,,,300
2021-04-09-11,calculate_avg_wait_time,0.02,0.5,PROCESSING_TIMES,timeout,,32505,34.13793103448276,,,,300
2021-04-09-6,calculate_avg_wait_time,0.02,0.5,PROCESSING_TIMES,timeout,,32565,0,,,,300
2021-04-09-7,calculate_avg_wait_time,0.02,0.5,PROCESSING_TIMES,timeout,,53805,21.11111111111111,,,,300
2021-04-09-8,calculate_avg_wait_time,0.02,0.5,PROCESSING_TIMES,empty,1,72045,48.81818181818182,72045,48.81818181818182,0,86.43824315071106
2021-04-09-8,calculate_avg_wait_time,0.02,0.5,PROCESSING_TIMES,timeout,,72045,48.81818181818182,,,,300
2021-04-09-9,calculate_avg_wait_time,0.02,0.5,PROCESSING_TIMES,timeout,,42630,20.48076923076923,,,,300
